fldId,fldSerialNumber,fldDate,fldUserRef,fldKey,fldCount
170509361,7415,2025-01-01,1031,Deal.Accessories.OEM,1
170806930,7831,2025-01-02,273,Deal.Accessories.OEM,1
170858122,5234,2025-01-02,439,Deal.Accessories.OEM,2
170858724,5235,2025-01-02,511,Deal.Accessories.OEM,3
170858796,5235,2025-01-02,522,Deal.Accessories.OEM,1
170858812,5235,2025-01-02,524,Deal.Accessories.OEM,1
170910792,7415,2025-01-02,1030,Deal.Accessories.OEM,3
170910817,7415,2025-01-02,1031,Deal.Accessories.OEM,7
170858350,5234,2025-01-02,1110,Deal.Accessories.OEM,13
170910986,7415,2025-01-02,2050,Deal.Accessories.OEM,1
170967870,3179,2025-01-03,6,Deal.Accessories.OEM,3
170968059,3179,2025-01-03,17,Deal.Accessories.OEM,2
171287185,5234,2025-01-03,439,Deal.Accessories.OEM,1
171287764,5235,2025-01-03,511,Deal.Accessories.OEM,4
171287860,5235,2025-01-03,524,Deal.Accessories.OEM,2
171345227,7415,2025-01-03,1031,Deal.Accessories.OEM,1
171287351,5234,2025-01-03,1110,Deal.Accessories.OEM,1
171501508,5234,2025-01-04,439,Deal.Accessories.OEM,1
171501985,5235,2025-01-04,512,Deal.Accessories.OEM,3
171502035,5235,2025-01-04,524,Deal.Accessories.OEM,2
171528069,7415,2025-01-04,1030,Deal.Accessories.OEM,2
171528086,7415,2025-01-04,1031,Deal.Accessories.OEM,1
171501636,5234,2025-01-04,1110,Deal.Accessories.OEM,7
171571617,7415,2025-01-05,1031,Deal.Accessories.OEM,7
171571735,7415,2025-01-05,2128,Deal.Accessories.OEM,3
171571750,7415,2025-01-05,2142,Deal.Accessories.OEM,1
171933518,5235,2025-01-06,511,Deal.Accessories.OEM,2
171989710,7415,2025-01-06,1031,Deal.Accessories.OEM,2
171933143,5234,2025-01-06,1110,Deal.Accessories.OEM,2
172390842,7696,2025-01-07,182,Deal.Accessories.OEM,3
172386279,5234,2025-01-07,430,Deal.Accessories.OEM,2
172386324,5234,2025-01-07,439,Deal.Accessories.OEM,1
172454944,7415,2025-01-07,1031,Deal.Accessories.OEM,4
172386586,5234,2025-01-07,1110,Deal.Accessories.OEM,3
172894713,7682,2025-01-08,50,Deal.Accessories.OEM,4
172855602,7696,2025-01-08,182,Deal.Accessories.OEM,1
172898035,5234,2025-01-08,439,Deal.Accessories.OEM,1
172898691,5235,2025-01-08,511,Deal.Accessories.OEM,3
172898710,5235,2025-01-08,512,Deal.Accessories.OEM,4
172898818,5235,2025-01-08,524,Deal.Accessories.OEM,1
172898857,5235,2025-01-08,526,Deal.Accessories.OEM,2
172921242,7415,2025-01-08,1031,Deal.Accessories.OEM,6
172898297,5234,2025-01-08,1110,Deal.Accessories.OEM,1
172921613,7415,2025-01-08,2173,Deal.Accessories.OEM,4
172983270,3179,2025-01-09,6,Deal.Accessories.OEM,1
173307895,5235,2025-01-09,511,Deal.Accessories.OEM,2
173307917,5235,2025-01-09,512,Deal.Accessories.OEM,3
173308006,5235,2025-01-09,524,Deal.Accessories.OEM,1
173393221,7415,2025-01-09,2142,Deal.Accessories.OEM,2
173393300,7415,2025-01-09,2173,Deal.Accessories.OEM,4
173784650,7696,2025-01-10,209,Deal.Accessories.OEM,1
173673426,7717,2025-01-10,262,Deal.Accessories.OEM,1
173840451,7415,2025-01-10,1031,Deal.Accessories.OEM,4
173764045,5234,2025-01-10,1110,Deal.Accessories.OEM,10
173840759,7415,2025-01-10,2142,Deal.Accessories.OEM,2
173840813,7415,2025-01-10,2173,Deal.Accessories.OEM,1
174000844,7696,2025-01-11,209,Deal.Accessories.OEM,2
173953407,7717,2025-01-11,262,Deal.Accessories.OEM,8
173979881,7831,2025-01-11,285,Deal.Accessories.OEM,1
173990951,5234,2025-01-11,430,Deal.Accessories.OEM,2
173990996,5234,2025-01-11,439,Deal.Accessories.OEM,1
173991506,5235,2025-01-11,524,Deal.Accessories.OEM,6
174024714,7415,2025-01-11,1031,Deal.Accessories.OEM,4
173991120,5234,2025-01-11,1110,Deal.Accessories.OEM,17
174060327,7696,2025-01-12,209,Deal.Accessories.OEM,1
174065144,7415,2025-01-12,1031,Deal.Accessories.OEM,4
174088222,3179,2025-01-13,3,Deal.Accessories.OEM,1
174088263,3179,2025-01-13,6,Deal.Accessories.OEM,3
174224194,5622,2025-01-13,29,Deal.Accessories.OEM,1
174224213,5622,2025-01-13,31,Deal.Accessories.OEM,3
174224238,5622,2025-01-13,33,Deal.Accessories.OEM,7
174400288,7831,2025-01-13,285,Deal.Accessories.OEM,1
174334358,5234,2025-01-13,430,Deal.Accessories.OEM,3
174335052,5235,2025-01-13,511,Deal.Accessories.OEM,3
174492192,7415,2025-01-13,1030,Deal.Accessories.OEM,1
174334623,5234,2025-01-13,1110,Deal.Accessories.OEM,6
174624445,5622,2025-01-14,29,Deal.Accessories.OEM,8
174624501,5622,2025-01-14,33,Deal.Accessories.OEM,2
174925005,7683,2025-01-14,64,Deal.Accessories.OEM,1
174786860,7717,2025-01-14,262,Deal.Accessories.OEM,10
174841456,7831,2025-01-14,285,Deal.Accessories.OEM,1
174895228,5234,2025-01-14,430,Deal.Accessories.OEM,4
174895275,5234,2025-01-14,439,Deal.Accessories.OEM,1
174895971,5235,2025-01-14,511,Deal.Accessories.OEM,4
174896003,5235,2025-01-14,512,Deal.Accessories.OEM,1
174950492,7415,2025-01-14,1030,Deal.Accessories.OEM,4
174895508,5234,2025-01-14,1110,Deal.Accessories.OEM,7
174950828,7415,2025-01-14,2173,Deal.Accessories.OEM,3
175009921,3179,2025-01-15,5,Deal.Accessories.OEM,1
175009942,3179,2025-01-15,6,Deal.Accessories.OEM,1
175085949,5622,2025-01-15,29,Deal.Accessories.OEM,4
175246882,7717,2025-01-15,262,Deal.Accessories.OEM,4
175355142,5234,2025-01-15,430,Deal.Accessories.OEM,1
175355187,5234,2025-01-15,439,Deal.Accessories.OEM,4
175355877,5235,2025-01-15,524,Deal.Accessories.OEM,1
175456703,5462,2025-01-15,784,Deal.Accessories.OEM,1
175417280,7415,2025-01-15,1030,Deal.Accessories.OEM,2
175557221,5622,2025-01-16,29,Deal.Accessories.OEM,2
175722148,7717,2025-01-16,262,Deal.Accessories.OEM,1
175788019,7831,2025-01-16,285,Deal.Accessories.OEM,1
175825307,5234,2025-01-16,430,Deal.Accessories.OEM,1
175885103,7415,2025-01-16,1030,Deal.Accessories.OEM,1
175825591,5234,2025-01-16,1110,Deal.Accessories.OEM,2
175491114,7206,2025-01-16,1409,Deal.Accessories.OEM,1
175885461,7415,2025-01-16,2173,Deal.Accessories.OEM,1
175940233,3179,2025-01-17,17,Deal.Accessories.OEM,1
176167107,7717,2025-01-17,262,Deal.Accessories.OEM,3
176253013,5234,2025-01-17,439,Deal.Accessories.OEM,1
176253191,5234,2025-01-17,496,Deal.Accessories.OEM,1
176326906,7415,2025-01-17,1030,Deal.Accessories.OEM,8
176253225,5234,2025-01-17,1110,Deal.Accessories.OEM,2
175950732,7206,2025-01-17,1409,Deal.Accessories.OEM,2
176327117,7415,2025-01-17,2092,Deal.Accessories.OEM,1
176327161,7415,2025-01-17,2128,Deal.Accessories.OEM,2
176369854,3179,2025-01-18,6,Deal.Accessories.OEM,2
176418896,5622,2025-01-18,33,Deal.Accessories.OEM,1
176441450,7717,2025-01-18,251,Deal.Accessories.OEM,2
176481353,5234,2025-01-18,430,Deal.Accessories.OEM,12
176481820,5235,2025-01-18,511,Deal.Accessories.OEM,7
176481842,5235,2025-01-18,512,Deal.Accessories.OEM,16
176481925,5235,2025-01-18,524,Deal.Accessories.OEM,7
176481506,5234,2025-01-18,1110,Deal.Accessories.OEM,10
176509404,7415,2025-01-18,2128,Deal.Accessories.OEM,3
176509458,7415,2025-01-18,2172,Deal.Accessories.OEM,1
176548950,7415,2025-01-19,1030,Deal.Accessories.OEM,3
176739347,5644,2025-01-20,163,Deal.Accessories.OEM,3
176739566,5644,2025-01-20,183,Deal.Accessories.OEM,1
176812519,7717,2025-01-20,251,Deal.Accessories.OEM,3
176812646,7717,2025-01-20,262,Deal.Accessories.OEM,1
176912148,5234,2025-01-20,496,Deal.Accessories.OEM,1
176912591,5235,2025-01-20,511,Deal.Accessories.OEM,5
176912617,5235,2025-01-20,512,Deal.Accessories.OEM,2
176912676,5235,2025-01-20,524,Deal.Accessories.OEM,2
176912186,5234,2025-01-20,1110,Deal.Accessories.OEM,4
177021645,3179,2025-01-21,6,Deal.Accessories.OEM,4
177078432,5644,2025-01-21,163,Deal.Accessories.OEM,2
177365863,5235,2025-01-21,511,Deal.Accessories.OEM,2
177365881,5235,2025-01-21,512,Deal.Accessories.OEM,2
177425943,7415,2025-01-21,1031,Deal.Accessories.OEM,7
177426268,7415,2025-01-21,2173,Deal.Accessories.OEM,6
177525926,5622,2025-01-22,29,Deal.Accessories.OEM,1
177766476,7682,2025-01-22,50,Deal.Accessories.OEM,1
177830341,7696,2025-01-22,209,Deal.Accessories.OEM,2
177715692,7717,2025-01-22,251,Deal.Accessories.OEM,2
177825972,5234,2025-01-22,439,Deal.Accessories.OEM,2
177826516,5235,2025-01-22,511,Deal.Accessories.OEM,1
177826537,5235,2025-01-22,512,Deal.Accessories.OEM,12
177884143,7415,2025-01-22,1031,Deal.Accessories.OEM,7
177945029,3179,2025-01-23,6,Deal.Accessories.OEM,1
178271386,5234,2025-01-23,430,Deal.Accessories.OEM,3
178271608,5234,2025-01-23,496,Deal.Accessories.OEM,2
178272052,5235,2025-01-23,511,Deal.Accessories.OEM,2
178272071,5235,2025-01-23,512,Deal.Accessories.OEM,3
178348591,7415,2025-01-23,1031,Deal.Accessories.OEM,5
178271635,5234,2025-01-23,1110,Deal.Accessories.OEM,3
178348923,7415,2025-01-23,2173,Deal.Accessories.OEM,1
178406466,3179,2025-01-24,6,Deal.Accessories.OEM,1
178742494,7696,2025-01-24,209,Deal.Accessories.OEM,2
178725785,5235,2025-01-24,524,Deal.Accessories.OEM,5
178795389,7415,2025-01-24,1030,Deal.Accessories.OEM,6
178795415,7415,2025-01-24,1031,Deal.Accessories.OEM,3
178725324,5234,2025-01-24,1110,Deal.Accessories.OEM,2
178840812,3179,2025-01-25,6,Deal.Accessories.OEM,2
178989920,5439,2025-01-25,31,Deal.Accessories.OEM,1
178848115,5644,2025-01-25,163,Deal.Accessories.OEM,3
178848292,5644,2025-01-25,183,Deal.Accessories.OEM,3
178953754,7696,2025-01-25,209,Deal.Accessories.OEM,3
178907302,7717,2025-01-25,251,Deal.Accessories.OEM,3
178920133,7831,2025-01-25,285,Deal.Accessories.OEM,2
178950343,5234,2025-01-25,430,Deal.Accessories.OEM,4
178950782,5235,2025-01-25,511,Deal.Accessories.OEM,3
178950806,5235,2025-01-25,512,Deal.Accessories.OEM,1
178950860,5235,2025-01-25,524,Deal.Accessories.OEM,1
178981377,7415,2025-01-25,1030,Deal.Accessories.OEM,1
178981396,7415,2025-01-25,1031,Deal.Accessories.OEM,2
178950512,5234,2025-01-25,1110,Deal.Accessories.OEM,16
179029251,7415,2025-01-26,1030,Deal.Accessories.OEM,4
179029277,7415,2025-01-26,1031,Deal.Accessories.OEM,4
179055874,3179,2025-01-27,6,Deal.Accessories.OEM,2
179091663,5644,2025-01-27,163,Deal.Accessories.OEM,1
179139653,5560,2025-01-27,175,Deal.Accessories.OEM,1
179295718,7717,2025-01-27,262,Deal.Accessories.OEM,5
179430083,5234,2025-01-27,430,Deal.Accessories.OEM,1
179430274,5234,2025-01-27,496,Deal.Accessories.OEM,1
179430715,5235,2025-01-27,511,Deal.Accessories.OEM,3
179430742,5235,2025-01-27,512,Deal.Accessories.OEM,3
179342071,3027,2025-01-27,1022,Deal.Accessories.OEM,1
179430306,5234,2025-01-27,1110,Deal.Accessories.OEM,5
179292986,7070,2025-01-27,2624,Deal.Accessories.OEM,1
179516694,3179,2025-01-28,2,Deal.Accessories.OEM,1
179516747,3179,2025-01-28,6,Deal.Accessories.OEM,3
179735467,7717,2025-01-28,251,Deal.Accessories.OEM,2
179735591,7717,2025-01-28,262,Deal.Accessories.OEM,1
179785482,7831,2025-01-28,285,Deal.Accessories.OEM,1
179815175,7070,2025-01-28,423,Deal.Accessories.OEM,1
179815234,7070,2025-01-28,444,Deal.Accessories.OEM,2
179815121,5262,2025-01-28,457,Deal.Accessories.OEM,1
179895255,5234,2025-01-28,496,Deal.Accessories.OEM,2
179895710,5235,2025-01-28,511,Deal.Accessories.OEM,1
179895731,5235,2025-01-28,512,Deal.Accessories.OEM,13
179938231,7415,2025-01-28,1030,Deal.Accessories.OEM,1
179938256,7415,2025-01-28,1031,Deal.Accessories.OEM,6
179895288,5234,2025-01-28,1110,Deal.Accessories.OEM,3
179938624,7415,2025-01-28,2173,Deal.Accessories.OEM,1
180271653,7831,2025-01-29,16,Deal.Accessories.OEM,1
180049420,5622,2025-01-29,29,Deal.Accessories.OEM,5
180029128,5644,2025-01-29,183,Deal.Accessories.OEM,7
180341722,7696,2025-01-29,209,Deal.Accessories.OEM,1
180370986,5234,2025-01-29,496,Deal.Accessories.OEM,1
180371437,5235,2025-01-29,512,Deal.Accessories.OEM,3
180275070,3027,2025-01-29,1022,Deal.Accessories.OEM,1
180408630,7415,2025-01-29,1031,Deal.Accessories.OEM,6
180371011,5234,2025-01-29,1110,Deal.Accessories.OEM,8
180408954,7415,2025-01-29,2142,Deal.Accessories.OEM,1
180467727,3179,2025-01-30,6,Deal.Accessories.OEM,4
180527024,5622,2025-01-30,29,Deal.Accessories.OEM,1
180821306,7696,2025-01-30,209,Deal.Accessories.OEM,1
180721652,7717,2025-01-30,262,Deal.Accessories.OEM,2
180866316,5234,2025-01-30,430,Deal.Accessories.OEM,3
180867015,5235,2025-01-30,511,Deal.Accessories.OEM,3
180753944,3027,2025-01-30,1022,Deal.Accessories.OEM,1
180889341,7415,2025-01-30,1031,Deal.Accessories.OEM,4
180889615,7415,2025-01-30,2128,Deal.Accessories.OEM,1
180889713,7415,2025-01-30,2173,Deal.Accessories.OEM,3
180947834,3179,2025-01-31,6,Deal.Accessories.OEM,3
181026372,5560,2025-01-31,164,Deal.Accessories.OEM,1
181249805,5234,2025-01-31,430,Deal.Accessories.OEM,4
181250452,5235,2025-01-31,511,Deal.Accessories.OEM,2
181225524,3027,2025-01-31,1022,Deal.Accessories.OEM,1
181389871,7415,2025-01-31,1031,Deal.Accessories.OEM,3
181250066,5234,2025-01-31,1110,Deal.Accessories.OEM,4
181390225,7415,2025-01-31,2173,Deal.Accessories.OEM,1
181410936,5644,2025-02-01,163,Deal.Accessories.OEM,1
181411048,5644,2025-02-01,183,Deal.Accessories.OEM,4
181522206,7696,2025-02-01,209,Deal.Accessories.OEM,1
181495879,5234,2025-02-01,430,Deal.Accessories.OEM,5
181496415,5235,2025-02-01,512,Deal.Accessories.OEM,5
181571984,7415,2025-02-01,1031,Deal.Accessories.OEM,5
181496047,5234,2025-02-01,1110,Deal.Accessories.OEM,8
181572166,7415,2025-02-01,2128,Deal.Accessories.OEM,1
181600879,7415,2025-02-02,1030,Deal.Accessories.OEM,1
181600895,7415,2025-02-02,1031,Deal.Accessories.OEM,6
181629824,3179,2025-02-03,6,Deal.Accessories.OEM,3
181680529,5622,2025-02-03,29,Deal.Accessories.OEM,3
181680560,5622,2025-02-03,32,Deal.Accessories.OEM,6
181638214,6173,2025-02-03,98,Deal.Accessories.OEM,1
181893276,7717,2025-02-03,251,Deal.Accessories.OEM,2
181983919,5234,2025-02-03,430,Deal.Accessories.OEM,1
181984640,5235,2025-02-03,511,Deal.Accessories.OEM,2
181984669,5235,2025-02-03,512,Deal.Accessories.OEM,5
182060182,7415,2025-02-03,1030,Deal.Accessories.OEM,5
181984214,5234,2025-02-03,1110,Deal.Accessories.OEM,2
181830567,7074,2025-02-03,2331,Deal.Accessories.OEM,1
182101731,6173,2025-02-04,139,Deal.Accessories.OEM,1
182242160,5644,2025-02-04,164,Deal.Accessories.OEM,1
182242218,5644,2025-02-04,170,Deal.Accessories.OEM,1
182168145,5560,2025-02-04,198,Deal.Accessories.OEM,1
182353908,7717,2025-02-04,262,Deal.Accessories.OEM,1
182434371,5234,2025-02-04,430,Deal.Accessories.OEM,1
182434422,5234,2025-02-04,439,Deal.Accessories.OEM,2
182435111,5235,2025-02-04,511,Deal.Accessories.OEM,2
182538577,7415,2025-02-04,1031,Deal.Accessories.OEM,2
182568049,3179,2025-02-05,6,Deal.Accessories.OEM,1
182728108,5332,2025-02-05,32,Deal.Accessories.OEM,1
182993780,5439,2025-02-05,186,Deal.Accessories.OEM,3
182820368,7717,2025-02-05,251,Deal.Accessories.OEM,1
182820487,7717,2025-02-05,262,Deal.Accessories.OEM,1
182877462,5234,2025-02-05,430,Deal.Accessories.OEM,1
182877505,5234,2025-02-05,439,Deal.Accessories.OEM,1
182877717,5234,2025-02-05,496,Deal.Accessories.OEM,2
182878142,5235,2025-02-05,511,Deal.Accessories.OEM,2
182878163,5235,2025-02-05,512,Deal.Accessories.OEM,3
182878253,5235,2025-02-05,524,Deal.Accessories.OEM,2
183011721,7415,2025-02-05,1031,Deal.Accessories.OEM,5
183012087,7415,2025-02-05,2173,Deal.Accessories.OEM,1
183041448,3179,2025-02-06,6,Deal.Accessories.OEM,12
183388708,7696,2025-02-06,209,Deal.Accessories.OEM,1
183291260,7717,2025-02-06,262,Deal.Accessories.OEM,1
183156058,5234,2025-02-06,430,Deal.Accessories.OEM,2
183156308,5234,2025-02-06,496,Deal.Accessories.OEM,2
183156740,5235,2025-02-06,512,Deal.Accessories.OEM,2
183477294,7415,2025-02-06,1028,Deal.Accessories.OEM,2
183477329,7415,2025-02-06,1031,Deal.Accessories.OEM,6
183156342,5234,2025-02-06,1110,Deal.Accessories.OEM,6
183533661,6172,2025-02-07,96,Deal.Accessories.OEM,2
183757923,7717,2025-02-07,262,Deal.Accessories.OEM,5
183618731,5235,2025-02-07,524,Deal.Accessories.OEM,1
183924691,7415,2025-02-07,1031,Deal.Accessories.OEM,3
183618256,5234,2025-02-07,1110,Deal.Accessories.OEM,5
183946374,5622,2025-02-08,29,Deal.Accessories.OEM,2
183946383,5622,2025-02-08,32,Deal.Accessories.OEM,2
183979105,5644,2025-02-08,164,Deal.Accessories.OEM,2
184010998,7717,2025-02-08,262,Deal.Accessories.OEM,1
184029996,5234,2025-02-08,430,Deal.Accessories.OEM,12
184030141,5234,2025-02-08,496,Deal.Accessories.OEM,1
184030521,5235,2025-02-08,511,Deal.Accessories.OEM,2
184030547,5235,2025-02-08,512,Deal.Accessories.OEM,8
184030610,5235,2025-02-08,524,Deal.Accessories.OEM,7
184096554,7415,2025-02-08,1030,Deal.Accessories.OEM,2
184096575,7415,2025-02-08,1031,Deal.Accessories.OEM,2
184030175,5234,2025-02-08,1110,Deal.Accessories.OEM,8
184126125,7415,2025-02-09,1028,Deal.Accessories.OEM,1
184126144,7415,2025-02-09,1030,Deal.Accessories.OEM,4
184182606,5622,2025-02-10,29,Deal.Accessories.OEM,2
184497952,7696,2025-02-10,158,Deal.Accessories.OEM,1
184404625,7717,2025-02-10,262,Deal.Accessories.OEM,2
184413917,7831,2025-02-10,285,Deal.Accessories.OEM,2
184495333,5235,2025-02-10,511,Deal.Accessories.OEM,3
184495353,5235,2025-02-10,512,Deal.Accessories.OEM,1
184494913,5234,2025-02-10,1110,Deal.Accessories.OEM,3
184603262,3179,2025-02-11,9,Deal.Accessories.OEM,2
185963533,3169,2025-02-11,26,Deal.Accessories.OEM,2
184647147,5622,2025-02-11,29,Deal.Accessories.OEM,1
185963543,3169,2025-02-11,29,Deal.Accessories.OEM,1
184905800,7681,2025-02-11,38,Deal.Accessories.OEM,1
184906011,7682,2025-02-11,50,Deal.Accessories.OEM,2
184612930,6173,2025-02-11,98,Deal.Accessories.OEM,1
184859260,7717,2025-02-11,262,Deal.Accessories.OEM,3
184878944,7831,2025-02-11,285,Deal.Accessories.OEM,2
184956547,5234,2025-02-11,430,Deal.Accessories.OEM,5
184956602,5234,2025-02-11,439,Deal.Accessories.OEM,2
184957268,5235,2025-02-11,512,Deal.Accessories.OEM,6
185043709,7415,2025-02-11,1030,Deal.Accessories.OEM,2
185043737,7415,2025-02-11,1031,Deal.Accessories.OEM,5
184956814,5234,2025-02-11,1110,Deal.Accessories.OEM,7
185044129,7415,2025-02-11,2173,Deal.Accessories.OEM,3
185073776,3179,2025-02-12,9,Deal.Accessories.OEM,2
185119103,5622,2025-02-12,29,Deal.Accessories.OEM,2
185166360,5559,2025-02-12,170,Deal.Accessories.OEM,1
185425422,5234,2025-02-12,430,Deal.Accessories.OEM,2
185426115,5235,2025-02-12,512,Deal.Accessories.OEM,1
185426186,5235,2025-02-12,524,Deal.Accessories.OEM,2
185511983,7415,2025-02-12,1031,Deal.Accessories.OEM,6
185425657,5234,2025-02-12,1110,Deal.Accessories.OEM,1
185578061,5622,2025-02-13,29,Deal.Accessories.OEM,1
185578073,5622,2025-02-13,31,Deal.Accessories.OEM,1
185786095,7717,2025-02-13,251,Deal.Accessories.OEM,1
185786221,7717,2025-02-13,262,Deal.Accessories.OEM,2
185955233,7415,2025-02-13,1031,Deal.Accessories.OEM,5
185869220,5234,2025-02-13,1110,Deal.Accessories.OEM,1
185578977,7174,2025-02-13,2015,Deal.Accessories.OEM,1
185955591,7415,2025-02-13,2173,Deal.Accessories.OEM,1
185984221,3179,2025-02-14,6,Deal.Accessories.OEM,1
186218662,7717,2025-02-14,251,Deal.Accessories.OEM,1
186304983,5235,2025-02-14,524,Deal.Accessories.OEM,3
186389367,7415,2025-02-14,1031,Deal.Accessories.OEM,1
186304455,5234,2025-02-14,1110,Deal.Accessories.OEM,5
186389622,7415,2025-02-14,2128,Deal.Accessories.OEM,5
186506034,7696,2025-02-15,209,Deal.Accessories.OEM,2
186420005,5559,2025-02-15,244,Deal.Accessories.OEM,2
186473888,7717,2025-02-15,251,Deal.Accessories.OEM,4
186476457,7831,2025-02-15,285,Deal.Accessories.OEM,1
186501993,5235,2025-02-15,524,Deal.Accessories.OEM,5
186548244,7415,2025-02-15,1031,Deal.Accessories.OEM,7
186501649,5234,2025-02-15,1110,Deal.Accessories.OEM,12
186548458,7415,2025-02-15,2173,Deal.Accessories.OEM,1
186603861,3169,2025-02-17,23,Deal.Accessories.OEM,1
186603882,3169,2025-02-17,26,Deal.Accessories.OEM,1
186603925,3169,2025-02-17,29,Deal.Accessories.OEM,3
186604058,3169,2025-02-17,46,Deal.Accessories.OEM,2
186604086,3169,2025-02-17,47,Deal.Accessories.OEM,1
186604250,3169.QA,2025-02-17,56,Deal.Accessories.OEM,7
186958781,3169,2025-02-18,23,Deal.Accessories.OEM,3
186958802,3169,2025-02-18,26,Deal.Accessories.OEM,1
186838372,5622,2025-02-18,29,Deal.Accessories.OEM,4
186958931,3169,2025-02-18,45,Deal.Accessories.OEM,1
186958968,3169,2025-02-18,46,Deal.Accessories.OEM,2
186959211,3169.QA,2025-02-18,56,Deal.Accessories.OEM,11
186915774,5559,2025-02-18,170,Deal.Accessories.OEM,2
186916052,5559,2025-02-18,244,Deal.Accessories.OEM,7
187023168,7717,2025-02-18,251,Deal.Accessories.OEM,1
187096727,5235,2025-02-18,512,Deal.Accessories.OEM,2
187190238,7415,2025-02-18,1031,Deal.Accessories.OEM,2
187096359,5234,2025-02-18,1110,Deal.Accessories.OEM,12
187341125,3169,2025-02-19,23,Deal.Accessories.OEM,1
187341187,3169,2025-02-19,29,Deal.Accessories.OEM,3
187341312,3169,2025-02-19,46,Deal.Accessories.OEM,2
187380297,5559,2025-02-19,244,Deal.Accessories.OEM,1
187559068,5234,2025-02-19,430,Deal.Accessories.OEM,3
187559673,5235,2025-02-19,512,Deal.Accessories.OEM,1
187559755,5235,2025-02-19,524,Deal.Accessories.OEM,2
187656982,7415,2025-02-19,1031,Deal.Accessories.OEM,2
187657324,7415,2025-02-19,2173,Deal.Accessories.OEM,10
187805877,3169,2025-02-20,23,Deal.Accessories.OEM,1
187805903,3169,2025-02-20,26,Deal.Accessories.OEM,3
187805952,3169,2025-02-20,29,Deal.Accessories.OEM,4
187767000,5622,2025-02-20,31,Deal.Accessories.OEM,1
187806127,3169,2025-02-20,46,Deal.Accessories.OEM,3
187806379,3169.QA,2025-02-20,166,Deal.Accessories.OEM,2
187950595,7717,2025-02-20,251,Deal.Accessories.OEM,1
187959011,7831,2025-02-20,285,Deal.Accessories.OEM,1
188133168,7415,2025-02-20,1031,Deal.Accessories.OEM,6
188025354,5234,2025-02-20,1110,Deal.Accessories.OEM,5
188133439,7415,2025-02-20,2128,Deal.Accessories.OEM,1
188133563,7415,2025-02-20,2173,Deal.Accessories.OEM,4
188162827,3179,2025-02-21,6,Deal.Accessories.OEM,4
188271643,3169,2025-02-21,26,Deal.Accessories.OEM,4
188236852,5622,2025-02-21,29,Deal.Accessories.OEM,2
188316231,5559,2025-02-21,244,Deal.Accessories.OEM,6
188516588,5235,2025-02-21,511,Deal.Accessories.OEM,1
188590609,7415,2025-02-21,1031,Deal.Accessories.OEM,5
188516156,5234,2025-02-21,1110,Deal.Accessories.OEM,4
188590818,7415,2025-02-21,2128,Deal.Accessories.OEM,3
188595322,3179,2025-02-22,17,Deal.Accessories.OEM,1
188605226,5644,2025-02-22,183,Deal.Accessories.OEM,5
188713654,7696,2025-02-22,209,Deal.Accessories.OEM,1
188656649,5559,2025-02-22,244,Deal.Accessories.OEM,2
188670249,7831,2025-02-22,285,Deal.Accessories.OEM,1
188640349,5234,2025-02-22,430,Deal.Accessories.OEM,12
188640753,5235,2025-02-22,511,Deal.Accessories.OEM,8
188640775,5235,2025-02-22,512,Deal.Accessories.OEM,9
188640853,5235,2025-02-22,526,Deal.Accessories.OEM,1
188748906,7415,2025-02-22,1030,Deal.Accessories.OEM,8
188748927,7415,2025-02-22,1031,Deal.Accessories.OEM,10
188640531,5234,2025-02-22,1110,Deal.Accessories.OEM,10
188749067,7415,2025-02-22,2092,Deal.Accessories.OEM,2
188749108,7415,2025-02-22,2128,Deal.Accessories.OEM,1
188781429,7415,2025-02-23,1030,Deal.Accessories.OEM,1
188781446,7415,2025-02-23,1031,Deal.Accessories.OEM,2
188812644,3179,2025-02-24,6,Deal.Accessories.OEM,1
188937835,3169,2025-02-24,23,Deal.Accessories.OEM,3
188907419,5622,2025-02-24,29,Deal.Accessories.OEM,1
188937888,3169,2025-02-24,29,Deal.Accessories.OEM,1
188907438,5622,2025-02-24,30,Deal.Accessories.OEM,3
188937947,3169,2025-02-24,39,Deal.Accessories.OEM,1
188937997,3169,2025-02-24,45,Deal.Accessories.OEM,1
188938030,3169,2025-02-24,46,Deal.Accessories.OEM,1
189095716,7717,2025-02-24,251,Deal.Accessories.OEM,1
189095828,7717,2025-02-24,262,Deal.Accessories.OEM,3
189030471,5615,2025-02-24,420,Deal.Accessories.OEM,2
189199015,5234,2025-02-24,430,Deal.Accessories.OEM,4
189199628,5235,2025-02-24,511,Deal.Accessories.OEM,1
189199228,5234,2025-02-24,1110,Deal.Accessories.OEM,3
189286706,3179,2025-02-25,5,Deal.Accessories.OEM,1
189286724,3179,2025-02-25,6,Deal.Accessories.OEM,1
189416591,3169,2025-02-25,23,Deal.Accessories.OEM,1
189332681,5644,2025-02-25,183,Deal.Accessories.OEM,2
189509879,5560,2025-02-25,210,Deal.Accessories.OEM,1
189516708,5559,2025-02-25,244,Deal.Accessories.OEM,2
189571307,7717,2025-02-25,251,Deal.Accessories.OEM,6
189326487,5234,2025-02-25,430,Deal.Accessories.OEM,3
189327145,5235,2025-02-25,511,Deal.Accessories.OEM,3
189327172,5235,2025-02-25,512,Deal.Accessories.OEM,5
189327267,5235,2025-02-25,528,Deal.Accessories.OEM,2
189508452,5614,2025-02-25,729,Deal.Accessories.OEM,1
189508468,5614,2025-02-25,742,Deal.Accessories.OEM,4
189508489,5614,2025-02-25,744,Deal.Accessories.OEM,8
189508506,5614,2025-02-25,898,Deal.Accessories.OEM,3
189695853,7415,2025-02-25,1030,Deal.Accessories.OEM,3
189695867,7415,2025-02-25,1031,Deal.Accessories.OEM,10
189326725,5234,2025-02-25,1110,Deal.Accessories.OEM,2
189696141,7415,2025-02-25,2128,Deal.Accessories.OEM,3
189696270,7415,2025-02-25,2173,Deal.Accessories.OEM,4
189778254,3179,2025-02-26,6,Deal.Accessories.OEM,2
189900192,3169,2025-02-26,26,Deal.Accessories.OEM,4
189900217,3169,2025-02-26,29,Deal.Accessories.OEM,1
190157649,5236,2025-02-26,97,Deal.Accessories.OEM,2
190044331,7717,2025-02-26,251,Deal.Accessories.OEM,1
190156429,5234,2025-02-26,430,Deal.Accessories.OEM,7
190157053,5235,2025-02-26,511,Deal.Accessories.OEM,2
190157072,5235,2025-02-26,512,Deal.Accessories.OEM,5
190157147,5235,2025-02-26,524,Deal.Accessories.OEM,6
189851700,5544,2025-02-26,719,Deal.Accessories.OEM,1
189994402,5614,2025-02-26,727,Deal.Accessories.OEM,1
189994411,5614,2025-02-26,728,Deal.Accessories.OEM,1
190189371,7415,2025-02-26,1031,Deal.Accessories.OEM,8
190189655,7415,2025-02-26,2142,Deal.Accessories.OEM,1
190189731,7415,2025-02-26,2173,Deal.Accessories.OEM,1
190265007,3179,2025-02-27,6,Deal.Accessories.OEM,1
190291080,6172,2025-02-27,22,Deal.Accessories.OEM,1
190389318,3169,2025-02-27,26,Deal.Accessories.OEM,2
190359004,5622,2025-02-27,29,Deal.Accessories.OEM,1
190389340,3169,2025-02-27,29,Deal.Accessories.OEM,1
190359021,5622,2025-02-27,30,Deal.Accessories.OEM,3
190389436,3169,2025-02-27,46,Deal.Accessories.OEM,1
190389458,3169,2025-02-27,47,Deal.Accessories.OEM,1
190304216,5644,2025-02-27,163,Deal.Accessories.OEM,2
190545127,7717,2025-02-27,262,Deal.Accessories.OEM,2
190660601,5234,2025-02-27,430,Deal.Accessories.OEM,11
190661407,5235,2025-02-27,524,Deal.Accessories.OEM,3
190490919,5614.QA,2025-02-27,896,Deal.Accessories.OEM,6
190490942,5614.QA,2025-02-27,898,Deal.Accessories.OEM,2
190677662,7415,2025-02-27,1031,Deal.Accessories.OEM,1
190660879,5234,2025-02-27,1110,Deal.Accessories.OEM,1
190678060,7415,2025-02-27,2173,Deal.Accessories.OEM,4
190761165,3179,2025-02-28,6,Deal.Accessories.OEM,7
190879958,3169,2025-02-28,174,Deal.Accessories.OEM,1
191126449,7696,2025-02-28,182,Deal.Accessories.OEM,1
190953662,5559,2025-02-28,244,Deal.Accessories.OEM,2
191030465,7717,2025-02-28,251,Deal.Accessories.OEM,3
190964080,5235,2025-02-28,511,Deal.Accessories.OEM,3
190836558,5544,2025-02-28,731,Deal.Accessories.OEM,1
190979465,5614.QA,2025-02-28,896,Deal.Accessories.OEM,8
190979491,5614.QA,2025-02-28,898,Deal.Accessories.OEM,1
191162805,7415,2025-02-28,1031,Deal.Accessories.OEM,4
190963666,5234,2025-02-28,1110,Deal.Accessories.OEM,4
190986619,7074,2025-02-28,2916,Deal.Accessories.OEM,1
191278217,5559,2025-03-01,244,Deal.Accessories.OEM,1
191318855,7717,2025-03-01,251,Deal.Accessories.OEM,1
191318912,7717,2025-03-01,262,Deal.Accessories.OEM,4
191297586,5234,2025-03-01,430,Deal.Accessories.OEM,2
191298090,5235,2025-03-01,511,Deal.Accessories.OEM,2
191298119,5235,2025-03-01,512,Deal.Accessories.OEM,8
191298201,5235,2025-03-01,524,Deal.Accessories.OEM,7
191374629,7415,2025-03-01,1031,Deal.Accessories.OEM,10
191297810,5234,2025-03-01,1110,Deal.Accessories.OEM,9
191424820,7415,2025-03-02,1031,Deal.Accessories.OEM,2
191424936,7415,2025-03-02,2128,Deal.Accessories.OEM,2
191462957,3179,2025-03-03,3,Deal.Accessories.OEM,1
191462980,3179,2025-03-03,5,Deal.Accessories.OEM,1
191462996,3179,2025-03-03,6,Deal.Accessories.OEM,5
191579363,3169,2025-03-03,29,Deal.Accessories.OEM,3
191550831,5622,2025-03-03,31,Deal.Accessories.OEM,3
191550844,5622,2025-03-03,32,Deal.Accessories.OEM,1
191579385,3169,2025-03-03,32,Deal.Accessories.OEM,3
191579458,3169,2025-03-03,46,Deal.Accessories.OEM,5
191476707,6173,2025-03-03,66,Deal.Accessories.OEM,1
191628083,5544,2025-03-03,195,Deal.Accessories.OEM,1
191734877,7717,2025-03-03,271,Deal.Accessories.OEM,1
191862085,5234,2025-03-03,430,Deal.Accessories.OEM,1
191862131,5234,2025-03-03,439,Deal.Accessories.OEM,2
191537924,5614,2025-03-03,742,Deal.Accessories.OEM,3
191868827,7415,2025-03-03,1030,Deal.Accessories.OEM,3
191944499,3179,2025-03-04,6,Deal.Accessories.OEM,2
192032471,5622,2025-03-04,29,Deal.Accessories.OEM,1
192057755,3169,2025-03-04,29,Deal.Accessories.OEM,1
192057887,3169,2025-03-04,46,Deal.Accessories.OEM,8
192057905,3169,2025-03-04,47,Deal.Accessories.OEM,6
192314853,7696,2025-03-04,183,Deal.Accessories.OEM,1
192225749,7717,2025-03-04,251,Deal.Accessories.OEM,1
192225877,7717,2025-03-04,262,Deal.Accessories.OEM,2
192296221,5234,2025-03-04,430,Deal.Accessories.OEM,2
192296270,5234,2025-03-04,439,Deal.Accessories.OEM,1
192020332,5620,2025-03-04,722,Deal.Accessories.OEM,1
192019672,5614,2025-03-04,742,Deal.Accessories.OEM,1
192355249,7415,2025-03-04,1030,Deal.Accessories.OEM,3
192296489,5234,2025-03-04,1110,Deal.Accessories.OEM,1
192296796,5234,2025-03-04,2842,Deal.Accessories.OEM,1
192436487,3179,2025-03-05,2,Deal.Accessories.OEM,1
192436535,3179,2025-03-05,6,Deal.Accessories.OEM,7
192557664,3169,2025-03-05,29,Deal.Accessories.OEM,1
192557780,3169,2025-03-05,46,Deal.Accessories.OEM,2
192493934,5644,2025-03-05,163,Deal.Accessories.OEM,1
192812181,5234,2025-03-05,430,Deal.Accessories.OEM,4
192812230,5234,2025-03-05,439,Deal.Accessories.OEM,3
192812995,5235,2025-03-05,524,Deal.Accessories.OEM,5
192630813,5515,2025-03-05,622,Deal.Accessories.OEM,1
192631006,5623,2025-03-05,676,Deal.Accessories.OEM,1
192839766,7415,2025-03-05,1030,Deal.Accessories.OEM,4
192840040,7415,2025-03-05,2128,Deal.Accessories.OEM,3
192840109,7415,2025-03-05,2142,Deal.Accessories.OEM,4
192840184,7415,2025-03-05,2173,Deal.Accessories.OEM,2
192711915,7074,2025-03-05,2331,Deal.Accessories.OEM,1
192918685,3179,2025-03-06,6,Deal.Accessories.OEM,4
193007721,5622,2025-03-06,29,Deal.Accessories.OEM,3
193032795,3169,2025-03-06,29,Deal.Accessories.OEM,2
193032905,3169,2025-03-06,46,Deal.Accessories.OEM,2
192944346,6172,2025-03-06,97,Deal.Accessories.OEM,1
193110396,5560,2025-03-06,184,Deal.Accessories.OEM,2
193181645,7717,2025-03-06,251,Deal.Accessories.OEM,1
193181749,7717,2025-03-06,262,Deal.Accessories.OEM,2
193360528,6947,2025-03-06,295,Deal.Accessories.OEM,1
193181817,7717,2025-03-06,324,Deal.Accessories.OEM,2
193322015,5234,2025-03-06,430,Deal.Accessories.OEM,3
193322899,5235,2025-03-06,511,Deal.Accessories.OEM,4
193322952,5235,2025-03-06,512,Deal.Accessories.OEM,2
193323118,5235,2025-03-06,524,Deal.Accessories.OEM,2
193326587,7415,2025-03-06,1030,Deal.Accessories.OEM,1
193322312,5234,2025-03-06,1110,Deal.Accessories.OEM,4
193326861,7415,2025-03-06,2128,Deal.Accessories.OEM,4
193407635,3179,2025-03-07,6,Deal.Accessories.OEM,1
193496889,5622,2025-03-07,29,Deal.Accessories.OEM,1
193523353,3169,2025-03-07,29,Deal.Accessories.OEM,1
193488452,5244,2025-03-07,106,Deal.Accessories.OEM,1
193419690,6173,2025-03-07,134,Deal.Accessories.OEM,1
193593921,5559,2025-03-07,244,Deal.Accessories.OEM,5
193660155,7717,2025-03-07,251,Deal.Accessories.OEM,2
193660260,7717,2025-03-07,262,Deal.Accessories.OEM,1
193827237,6947,2025-03-07,323,Deal.Accessories.OEM,1
193660334,7717,2025-03-07,324,Deal.Accessories.OEM,1
193751932,5234,2025-03-07,439,Deal.Accessories.OEM,2
193752580,5235,2025-03-07,511,Deal.Accessories.OEM,5
193483713,5614,2025-03-07,743,Deal.Accessories.OEM,1
193795268,7415,2025-03-07,1030,Deal.Accessories.OEM,5
193752124,5234,2025-03-07,1110,Deal.Accessories.OEM,4
193795475,7415,2025-03-07,2092,Deal.Accessories.OEM,2
193881105,5622,2025-03-08,29,Deal.Accessories.OEM,5
193866980,5644,2025-03-08,183,Deal.Accessories.OEM,3
193903337,5544,2025-03-08,220,Deal.Accessories.OEM,1
193910364,5559,2025-03-08,244,Deal.Accessories.OEM,4
193987076,5234,2025-03-08,430,Deal.Accessories.OEM,13
193987595,5235,2025-03-08,511,Deal.Accessories.OEM,2
193987622,5235,2025-03-08,512,Deal.Accessories.OEM,1
193987707,5235,2025-03-08,524,Deal.Accessories.OEM,7
193992579,7415,2025-03-08,1030,Deal.Accessories.OEM,8
193987264,5234,2025-03-08,1110,Deal.Accessories.OEM,12
194038769,7415,2025-03-09,1030,Deal.Accessories.OEM,1
194038896,7415,2025-03-09,2128,Deal.Accessories.OEM,3
194073633,3179,2025-03-10,6,Deal.Accessories.OEM,4
194190312,3169,2025-03-10,29,Deal.Accessories.OEM,2
194190327,3169,2025-03-10,32,Deal.Accessories.OEM,1
194190419,3169,2025-03-10,46,Deal.Accessories.OEM,2
194242505,5544,2025-03-10,195,Deal.Accessories.OEM,1
194166152,5622,2025-03-10,290,Deal.Accessories.OEM,1
194473406,5234,2025-03-10,430,Deal.Accessories.OEM,6
194474089,5235,2025-03-10,511,Deal.Accessories.OEM,4
194474113,5235,2025-03-10,512,Deal.Accessories.OEM,3
194474191,5235,2025-03-10,525,Deal.Accessories.OEM,3
194543815,3179,2025-03-11,2,Deal.Accessories.OEM,1
194543869,3179,2025-03-11,6,Deal.Accessories.OEM,1
194675799,3169,2025-03-11,23,Deal.Accessories.OEM,3
194675818,3169,2025-03-11,29,Deal.Accessories.OEM,1
194675836,3169,2025-03-11,32,Deal.Accessories.OEM,1
194675924,3169,2025-03-11,46,Deal.Accessories.OEM,1
194922369,7696,2025-03-11,183,Deal.Accessories.OEM,1
194748365,5560,2025-03-11,184,Deal.Accessories.OEM,1
194756203,5559,2025-03-11,195,Deal.Accessories.OEM,1
194910972,5234,2025-03-11,430,Deal.Accessories.OEM,9
194911704,5235,2025-03-11,511,Deal.Accessories.OEM,1
194911726,5235,2025-03-11,512,Deal.Accessories.OEM,3
194968997,7415,2025-03-11,1031,Deal.Accessories.OEM,10
194969253,7415,2025-03-11,2128,Deal.Accessories.OEM,1
195034759,3179,2025-03-12,2,Deal.Accessories.OEM,1
195157215,3169,2025-03-12,23,Deal.Accessories.OEM,3
195157258,3169,2025-03-12,29,Deal.Accessories.OEM,1
195155537,5622,2025-03-12,31,Deal.Accessories.OEM,1
195157273,3169,2025-03-12,32,Deal.Accessories.OEM,1
195157359,3169,2025-03-12,46,Deal.Accessories.OEM,1
195105746,5644,2025-03-12,183,Deal.Accessories.OEM,3
195244477,5559,2025-03-12,244,Deal.Accessories.OEM,2
195435671,5234,2025-03-12,430,Deal.Accessories.OEM,1
195436372,5235,2025-03-12,512,Deal.Accessories.OEM,4
195453920,7415,2025-03-12,1031,Deal.Accessories.OEM,3
195522778,3179,2025-03-13,6,Deal.Accessories.OEM,3
195644763,3169,2025-03-13,29,Deal.Accessories.OEM,3
195642872,5622,2025-03-13,32,Deal.Accessories.OEM,3
195749618,5515,2025-03-13,105,Deal.Accessories.OEM,2
195723248,5560,2025-03-13,163,Deal.Accessories.OEM,2
195903844,7717,2025-03-13,251,Deal.Accessories.OEM,3
195903953,7717,2025-03-13,262,Deal.Accessories.OEM,5
195642994,5622,2025-03-13,290,Deal.Accessories.OEM,2
195811792,2045,2025-03-13,417,Deal.Accessories.OEM,1
195616038,5615,2025-03-13,423,Deal.Accessories.OEM,1
195735462,5234,2025-03-13,430,Deal.Accessories.OEM,5
195736210,5235,2025-03-13,512,Deal.Accessories.OEM,1
195941014,7415,2025-03-13,1031,Deal.Accessories.OEM,1
195941248,7415,2025-03-13,2128,Deal.Accessories.OEM,1
196007385,3179,2025-03-14,2,Deal.Accessories.OEM,1
196007436,3179,2025-03-14,6,Deal.Accessories.OEM,1
196121635,3169,2025-03-14,23,Deal.Accessories.OEM,2
196121655,3169,2025-03-14,29,Deal.Accessories.OEM,2
196073316,5644,2025-03-14,183,Deal.Accessories.OEM,3
196354662,7717,2025-03-14,251,Deal.Accessories.OEM,3
196354836,7717,2025-03-14,324,Deal.Accessories.OEM,1
196411086,5234,2025-03-14,439,Deal.Accessories.OEM,4
196411613,5235,2025-03-14,511,Deal.Accessories.OEM,11
196411637,5235,2025-03-14,512,Deal.Accessories.OEM,1
196411703,5235,2025-03-14,522,Deal.Accessories.OEM,6
196395752,7415,2025-03-14,1030,Deal.Accessories.OEM,2
196395770,7415,2025-03-14,1031,Deal.Accessories.OEM,8
196248893,7070,2025-03-14,2797,Deal.Accessories.OEM,1
196573215,7682,2025-03-15,50,Deal.Accessories.OEM,1
196476937,5644,2025-03-15,183,Deal.Accessories.OEM,1
196515997,5560,2025-03-15,199,Deal.Accessories.OEM,1
196575296,7696,2025-03-15,209,Deal.Accessories.OEM,3
196511183,5544,2025-03-15,220,Deal.Accessories.OEM,1
196564292,7831,2025-03-15,285,Deal.Accessories.OEM,1
196581073,5234,2025-03-15,430,Deal.Accessories.OEM,11
196581117,5234,2025-03-15,439,Deal.Accessories.OEM,4
196581562,5235,2025-03-15,512,Deal.Accessories.OEM,7
196596135,7415,2025-03-15,1030,Deal.Accessories.OEM,3
196596163,7415,2025-03-15,1031,Deal.Accessories.OEM,6
196596344,7415,2025-03-15,2128,Deal.Accessories.OEM,1
196628525,7696,2025-03-16,209,Deal.Accessories.OEM,6
196631607,7415,2025-03-16,1031,Deal.Accessories.OEM,9
196781565,5622,2025-03-17,17,Deal.Accessories.OEM,2
196786840,3169,2025-03-17,23,Deal.Accessories.OEM,1
196786869,3169,2025-03-17,29,Deal.Accessories.OEM,1
196786887,3169,2025-03-17,32,Deal.Accessories.OEM,1
196786954,3169,2025-03-17,46,Deal.Accessories.OEM,5
197025781,7696,2025-03-17,183,Deal.Accessories.OEM,2
197025938,7696,2025-03-17,209,Deal.Accessories.OEM,3
197025032,7717,2025-03-17,262,Deal.Accessories.OEM,1
196997819,7831,2025-03-17,285,Deal.Accessories.OEM,1
197025078,7717,2025-03-17,324,Deal.Accessories.OEM,1
197045406,5234,2025-03-17,439,Deal.Accessories.OEM,4
197045573,5234,2025-03-17,496,Deal.Accessories.OEM,3
197046072,5235,2025-03-17,511,Deal.Accessories.OEM,5
197046096,5235,2025-03-17,512,Deal.Accessories.OEM,2
197075613,7415,2025-03-17,1030,Deal.Accessories.OEM,1
197045601,5234,2025-03-17,1110,Deal.Accessories.OEM,3
196894306,7071,2025-03-17,1758,Deal.Accessories.OEM,1
196655305,7174,2025-03-17,2012,Deal.Accessories.OEM,2
197075805,7415,2025-03-17,2128,Deal.Accessories.OEM,5
197136440,3179,2025-03-18,6,Deal.Accessories.OEM,1
197200959,5622,2025-03-18,17,Deal.Accessories.OEM,1
197214331,3169,2025-03-18,23,Deal.Accessories.OEM,4
197214354,3169,2025-03-18,29,Deal.Accessories.OEM,8
197201351,5622,2025-03-18,30,Deal.Accessories.OEM,1
197214425,3169,2025-03-18,46,Deal.Accessories.OEM,2
197252165,5644,2025-03-18,183,Deal.Accessories.OEM,2
197505556,7696,2025-03-18,209,Deal.Accessories.OEM,4
197480012,7831,2025-03-18,285,Deal.Accessories.OEM,2
197201514,5622,2025-03-18,290,Deal.Accessories.OEM,1
197565590,5234,2025-03-18,430,Deal.Accessories.OEM,4
197565644,5234,2025-03-18,439,Deal.Accessories.OEM,11
197566318,5235,2025-03-18,512,Deal.Accessories.OEM,1
197413724,7070,2025-03-18,950,Deal.Accessories.OEM,15
197554562,7415,2025-03-18,1030,Deal.Accessories.OEM,2
197554582,7415,2025-03-18,1031,Deal.Accessories.OEM,3
197554840,7415,2025-03-18,2128,Deal.Accessories.OEM,5
197554974,7415,2025-03-18,2173,Deal.Accessories.OEM,7
197627992,3179,2025-03-19,6,Deal.Accessories.OEM,7
197695626,3169,2025-03-19,23,Deal.Accessories.OEM,4
197695648,3169,2025-03-19,29,Deal.Accessories.OEM,3
197831850,5560,2025-03-19,164,Deal.Accessories.OEM,1
197695845,3169,2025-03-19,176,Deal.Accessories.OEM,1
198001551,7717,2025-03-19,251,Deal.Accessories.OEM,2
198001678,7717,2025-03-19,262,Deal.Accessories.OEM,2
197680032,5622,2025-03-19,290,Deal.Accessories.OEM,2
198001753,7717,2025-03-19,324,Deal.Accessories.OEM,1
198020481,5234,2025-03-19,430,Deal.Accessories.OEM,8
198020522,5234,2025-03-19,439,Deal.Accessories.OEM,1
198020725,5234,2025-03-19,496,Deal.Accessories.OEM,1
198021185,5235,2025-03-19,511,Deal.Accessories.OEM,7
198021206,5235,2025-03-19,512,Deal.Accessories.OEM,4
198021288,5235,2025-03-19,524,Deal.Accessories.OEM,4
197836997,7070,2025-03-19,908,Deal.Accessories.OEM,6
198045796,7415,2025-03-19,1031,Deal.Accessories.OEM,6
198046064,7415,2025-03-19,2128,Deal.Accessories.OEM,14
198260065,3184.QA,2025-03-20,3,Deal.Accessories.OEM,1
198115273,3179,2025-03-20,6,Deal.Accessories.OEM,2
198581375,3169,2025-03-20,23,Deal.Accessories.OEM,2
198581391,3169,2025-03-20,29,Deal.Accessories.OEM,1
198227689,5644,2025-03-20,163,Deal.Accessories.OEM,2
198476373,7696,2025-03-20,178,Deal.Accessories.OEM,1
198446652,7831,2025-03-20,221,Deal.Accessories.OEM,1
198446906,7831,2025-03-20,285,Deal.Accessories.OEM,4
198531690,5234,2025-03-20,430,Deal.Accessories.OEM,7
198531944,5234,2025-03-20,496,Deal.Accessories.OEM,3
198532884,5235,2025-03-20,524,Deal.Accessories.OEM,1
198383366,7070,2025-03-20,908,Deal.Accessories.OEM,3
198383385,7070,2025-03-20,950,Deal.Accessories.OEM,1
198534847,7415,2025-03-20,1030,Deal.Accessories.OEM,2
198534867,7415,2025-03-20,1031,Deal.Accessories.OEM,1
198531977,5234,2025-03-20,1110,Deal.Accessories.OEM,4
198535094,7415,2025-03-20,2128,Deal.Accessories.OEM,2
198535230,7415,2025-03-20,2173,Deal.Accessories.OEM,3
198599295,3179,2025-03-21,6,Deal.Accessories.OEM,4
198654854,5622,2025-03-21,17,Deal.Accessories.OEM,1
198682553,3169,2025-03-21,23,Deal.Accessories.OEM,1
198654909,5622,2025-03-21,32,Deal.Accessories.OEM,1
198802050,5559,2025-03-21,244,Deal.Accessories.OEM,1
198960015,7717,2025-03-21,262,Deal.Accessories.OEM,3
198925503,7831,2025-03-21,285,Deal.Accessories.OEM,2
198655028,5622,2025-03-21,290,Deal.Accessories.OEM,2
198936315,5234,2025-03-21,439,Deal.Accessories.OEM,11
198937123,5235,2025-03-21,511,Deal.Accessories.OEM,2
198937202,5235,2025-03-21,524,Deal.Accessories.OEM,3
198818162,7070,2025-03-21,950,Deal.Accessories.OEM,3
198999167,7415,2025-03-21,1031,Deal.Accessories.OEM,8
198936675,5234,2025-03-21,1110,Deal.Accessories.OEM,5
199065848,5622,2025-03-22,17,Deal.Accessories.OEM,6
199167137,7696,2025-03-22,183,Deal.Accessories.OEM,1
199167191,7696,2025-03-22,209,Deal.Accessories.OEM,1
199079127,5559,2025-03-22,244,Deal.Accessories.OEM,1
199076920,5560,2025-03-22,263,Deal.Accessories.OEM,1
199158074,7831,2025-03-22,285,Deal.Accessories.OEM,1
199065874,5622,2025-03-22,290,Deal.Accessories.OEM,7
199179413,5234,2025-03-22,430,Deal.Accessories.OEM,11
199179458,5234,2025-03-22,439,Deal.Accessories.OEM,5
199179951,5235,2025-03-22,511,Deal.Accessories.OEM,3
199179970,5235,2025-03-22,512,Deal.Accessories.OEM,3
199137023,7070,2025-03-22,950,Deal.Accessories.OEM,4
199191473,7415,2025-03-22,1030,Deal.Accessories.OEM,6
199179622,5234,2025-03-22,1110,Deal.Accessories.OEM,10
199191701,7415,2025-03-22,2128,Deal.Accessories.OEM,4
199227784,7415,2025-03-23,1030,Deal.Accessories.OEM,7
199227864,7415,2025-03-23,2128,Deal.Accessories.OEM,5
199252316,3179,2025-03-24,6,Deal.Accessories.OEM,1
199335376,3169,2025-03-24,29,Deal.Accessories.OEM,1
199335497,3169,2025-03-24,46,Deal.Accessories.OEM,3
199335596,3169,2025-03-24,176,Deal.Accessories.OEM,7
199626881,7696,2025-03-24,209,Deal.Accessories.OEM,2
199657367,7717,2025-03-24,251,Deal.Accessories.OEM,1
199657500,7717,2025-03-24,262,Deal.Accessories.OEM,2
199363038,5644,2025-03-24,266,Deal.Accessories.OEM,1
199654282,7831,2025-03-24,285,Deal.Accessories.OEM,3
199638213,5234,2025-03-24,439,Deal.Accessories.OEM,1
199638947,5235,2025-03-24,512,Deal.Accessories.OEM,5
199393202,5541,2025-03-24,758,Deal.Accessories.OEM,1
199534082,7070,2025-03-24,950,Deal.Accessories.OEM,1
199638423,5234,2025-03-24,1110,Deal.Accessories.OEM,6
199704077,7415,2025-03-24,2173,Deal.Accessories.OEM,2
199812736,5622,2025-03-25,17,Deal.Accessories.OEM,3
199826192,3169,2025-03-25,23,Deal.Accessories.OEM,2
199826225,3169,2025-03-25,32,Deal.Accessories.OEM,1
199741566,3179,2025-03-25,77,Deal.Accessories.OEM,1
199831894,5559,2025-03-25,169,Deal.Accessories.OEM,1
200116520,7696,2025-03-25,182,Deal.Accessories.OEM,1
199824852,5560,2025-03-25,186,Deal.Accessories.OEM,1
199825015,5560,2025-03-25,198,Deal.Accessories.OEM,1
200143987,7717,2025-03-25,251,Deal.Accessories.OEM,1
200144087,7717,2025-03-25,262,Deal.Accessories.OEM,2
200130108,7831,2025-03-25,285,Deal.Accessories.OEM,5
199812956,5622,2025-03-25,290,Deal.Accessories.OEM,1
200164695,5234,2025-03-25,430,Deal.Accessories.OEM,7
200165491,5235,2025-03-25,511,Deal.Accessories.OEM,1
200165514,5235,2025-03-25,512,Deal.Accessories.OEM,1
199987565,7070,2025-03-25,950,Deal.Accessories.OEM,2
200164966,5234,2025-03-25,1110,Deal.Accessories.OEM,10
200205830,7415,2025-03-25,2142,Deal.Accessories.OEM,2
200205897,7415,2025-03-25,2173,Deal.Accessories.OEM,6
200244315,3179,2025-03-26,6,Deal.Accessories.OEM,3
200326775,3169,2025-03-26,23,Deal.Accessories.OEM,2
200326788,3169,2025-03-26,29,Deal.Accessories.OEM,2
200326884,3169,2025-03-26,46,Deal.Accessories.OEM,2
200244512,3179,2025-03-26,77,Deal.Accessories.OEM,1
200339030,5559,2025-03-26,244,Deal.Accessories.OEM,2
200315726,5622,2025-03-26,290,Deal.Accessories.OEM,1
200612955,5234,2025-03-26,430,Deal.Accessories.OEM,4
200612994,5234,2025-03-26,439,Deal.Accessories.OEM,3
200613724,5235,2025-03-26,512,Deal.Accessories.OEM,4
200613825,5235,2025-03-26,524,Deal.Accessories.OEM,1
200457922,5515,2025-03-26,622,Deal.Accessories.OEM,1
200526634,7070,2025-03-26,908,Deal.Accessories.OEM,2
200526650,7070,2025-03-26,950,Deal.Accessories.OEM,1
200702595,7415,2025-03-26,1031,Deal.Accessories.OEM,5
200702846,7415,2025-03-26,2128,Deal.Accessories.OEM,6
200737741,3179,2025-03-27,6,Deal.Accessories.OEM,4
200809901,5622,2025-03-27,17,Deal.Accessories.OEM,3
200836782,3169,2025-03-27,23,Deal.Accessories.OEM,1
200836801,3169,2025-03-27,29,Deal.Accessories.OEM,5
200836882,3169,2025-03-27,46,Deal.Accessories.OEM,3
200836962,3169,2025-03-27,176,Deal.Accessories.OEM,4
201113006,7696,2025-03-27,209,Deal.Accessories.OEM,3
201127989,7831,2025-03-27,285,Deal.Accessories.OEM,7
200990498,7070,2025-03-27,428,Deal.Accessories.OEM,2
201145776,5234,2025-03-27,430,Deal.Accessories.OEM,3
201146526,5235,2025-03-27,511,Deal.Accessories.OEM,2
201146551,5235,2025-03-27,512,Deal.Accessories.OEM,8
201146631,5235,2025-03-27,524,Deal.Accessories.OEM,6
200990552,7070,2025-03-27,908,Deal.Accessories.OEM,8
201196175,7415,2025-03-27,1031,Deal.Accessories.OEM,9
201146060,5234,2025-03-27,1110,Deal.Accessories.OEM,6
201196355,7415,2025-03-27,2050,Deal.Accessories.OEM,3
201196442,7415,2025-03-27,2128,Deal.Accessories.OEM,2
201196566,7415,2025-03-27,2173,Deal.Accessories.OEM,1
200990714,7070,2025-03-27,2797,Deal.Accessories.OEM,1
201234465,3179,2025-03-28,5,Deal.Accessories.OEM,1
201234484,3179,2025-03-28,6,Deal.Accessories.OEM,2
201308877,5622,2025-03-28,17,Deal.Accessories.OEM,1
201333196,3169,2025-03-28,23,Deal.Accessories.OEM,3
201333211,3169,2025-03-28,29,Deal.Accessories.OEM,1
201333261,3169,2025-03-28,45,Deal.Accessories.OEM,3
201333279,3169,2025-03-28,46,Deal.Accessories.OEM,5
201333360,3169,2025-03-28,176,Deal.Accessories.OEM,3
201367569,5644,2025-03-28,183,Deal.Accessories.OEM,1
201618276,7831,2025-03-28,285,Deal.Accessories.OEM,1
201309076,5622,2025-03-28,290,Deal.Accessories.OEM,1
201345863,5523,2025-03-28,346,Deal.Accessories.OEM,1
201605298,5234,2025-03-28,430,Deal.Accessories.OEM,1
201605999,5235,2025-03-28,511,Deal.Accessories.OEM,3
201606068,5235,2025-03-28,524,Deal.Accessories.OEM,5
201272003,7070,2025-03-28,908,Deal.Accessories.OEM,5
201675439,7415,2025-03-28,1030,Deal.Accessories.OEM,1
201675463,7415,2025-03-28,1031,Deal.Accessories.OEM,3
201605577,5234,2025-03-28,1110,Deal.Accessories.OEM,10
201675845,7415,2025-03-28,2173,Deal.Accessories.OEM,2
201698510,3179,2025-03-29,6,Deal.Accessories.OEM,5
201718253,5622,2025-03-29,17,Deal.Accessories.OEM,4
201823496,7696,2025-03-29,178,Deal.Accessories.OEM,1
201736825,5644,2025-03-29,183,Deal.Accessories.OEM,1
201823594,7696,2025-03-29,209,Deal.Accessories.OEM,2
201727078,5559,2025-03-29,244,Deal.Accessories.OEM,1
201832169,7717,2025-03-29,262,Deal.Accessories.OEM,5
201829251,7831,2025-03-29,285,Deal.Accessories.OEM,10
201845520,5234,2025-03-29,430,Deal.Accessories.OEM,11
201845564,5234,2025-03-29,439,Deal.Accessories.OEM,1
201845692,5234,2025-03-29,496,Deal.Accessories.OEM,2
201846070,5235,2025-03-29,511,Deal.Accessories.OEM,1
201846092,5235,2025-03-29,512,Deal.Accessories.OEM,2
201846146,5235,2025-03-29,524,Deal.Accessories.OEM,4
201776332,7070,2025-03-29,908,Deal.Accessories.OEM,2
201725697,5523,2025-03-29,910,Deal.Accessories.OEM,1
201776350,7070,2025-03-29,950,Deal.Accessories.OEM,1
201860439,7415,2025-03-29,1030,Deal.Accessories.OEM,10
201860470,7415,2025-03-29,1031,Deal.Accessories.OEM,12
201845725,5234,2025-03-29,1110,Deal.Accessories.OEM,26
201776510,7070,2025-03-29,2948,Deal.Accessories.OEM,1
201883839,7696,2025-03-30,209,Deal.Accessories.OEM,1
201892521,7415,2025-03-30,1030,Deal.Accessories.OEM,15
201892546,7415,2025-03-30,1031,Deal.Accessories.OEM,8
201892640,7415,2025-03-30,2128,Deal.Accessories.OEM,5
201914282,3179,2025-03-31,6,Deal.Accessories.OEM,5
202146442,5340,2025-03-31,15,Deal.Accessories.OEM,1
202002258,3169,2025-03-31,23,Deal.Accessories.OEM,4
202002279,3169,2025-03-31,29,Deal.Accessories.OEM,4
202002294,3169,2025-03-31,32,Deal.Accessories.OEM,1
202002361,3169,2025-03-31,45,Deal.Accessories.OEM,2
202002386,3169,2025-03-31,46,Deal.Accessories.OEM,1
201972362,3183.QA,2025-03-31,143,Deal.Accessories.OEM,1
202002489,3169,2025-03-31,176,Deal.Accessories.OEM,3
202307479,7696,2025-03-31,209,Deal.Accessories.OEM,2
201971975,3183,2025-03-31,230,Deal.Accessories.OEM,2
202050412,5644,2025-03-31,266,Deal.Accessories.OEM,3
202323499,7831,2025-03-31,285,Deal.Accessories.OEM,1
202292790,5234,2025-03-31,430,Deal.Accessories.OEM,5
202292833,5234,2025-03-31,439,Deal.Accessories.OEM,2
202293526,5235,2025-03-31,512,Deal.Accessories.OEM,2
202293612,5235,2025-03-31,524,Deal.Accessories.OEM,3
202084233,7070,2025-03-31,950,Deal.Accessories.OEM,1
202379841,7415,2025-03-31,1030,Deal.Accessories.OEM,7
202379863,7415,2025-03-31,1031,Deal.Accessories.OEM,3
202293060,5234,2025-03-31,1110,Deal.Accessories.OEM,10
202414186,3179,2025-04-01,6,Deal.Accessories.OEM,6
202515710,3169,2025-04-01,23,Deal.Accessories.OEM,3
202515738,3169,2025-04-01,29,Deal.Accessories.OEM,3
202814565,7681,2025-04-01,31,Deal.Accessories.OEM,1
202515846,3169,2025-04-01,46,Deal.Accessories.OEM,1
202814964,7682,2025-04-01,50,Deal.Accessories.OEM,2
202468830,3183.QA,2025-04-01,133,Deal.Accessories.OEM,1
202515950,3169,2025-04-01,176,Deal.Accessories.OEM,2
202502783,5560,2025-04-01,184,Deal.Accessories.OEM,2
202807401,7696,2025-04-01,209,Deal.Accessories.OEM,2
202468511,3183,2025-04-01,231,Deal.Accessories.OEM,1
202468538,3183,2025-04-01,232,Deal.Accessories.OEM,1
202468569,3183,2025-04-01,233,Deal.Accessories.OEM,3
202837358,7717,2025-04-01,262,Deal.Accessories.OEM,1
202816771,7831,2025-04-01,285,Deal.Accessories.OEM,1
202833277,5234,2025-04-01,430,Deal.Accessories.OEM,1
202655435,7070,2025-04-01,950,Deal.Accessories.OEM,3
202892138,7415,2025-04-01,1031,Deal.Accessories.OEM,5
202833551,5234,2025-04-01,1110,Deal.Accessories.OEM,8
202892553,7415,2025-04-01,2173,Deal.Accessories.OEM,2
203032257,3169,2025-04-02,23,Deal.Accessories.OEM,3
203032278,3169,2025-04-02,29,Deal.Accessories.OEM,1
203032390,3169,2025-04-02,46,Deal.Accessories.OEM,1
203318779,7682,2025-04-02,50,Deal.Accessories.OEM,3
202990814,3183.QA,2025-04-02,143,Deal.Accessories.OEM,3
203032494,3169,2025-04-02,176,Deal.Accessories.OEM,2
203074396,5644,2025-04-02,183,Deal.Accessories.OEM,3
202990502,3183,2025-04-02,232,Deal.Accessories.OEM,2
203070804,5622,2025-04-02,290,Deal.Accessories.OEM,1
203344863,5234,2025-04-02,430,Deal.Accessories.OEM,3
203318946,7682,2025-04-02,452,Deal.Accessories.OEM,1
203345550,5235,2025-04-02,512,Deal.Accessories.OEM,1
203345615,5235,2025-04-02,524,Deal.Accessories.OEM,2
203391067,7415,2025-04-02,1031,Deal.Accessories.OEM,3
203391308,7415,2025-04-02,2128,Deal.Accessories.OEM,6
203425553,3179,2025-04-03,6,Deal.Accessories.OEM,2
203536079,3169,2025-04-03,23,Deal.Accessories.OEM,1
203536095,3169,2025-04-03,29,Deal.Accessories.OEM,3
203536161,3169,2025-04-03,46,Deal.Accessories.OEM,2
203730665,7682,2025-04-03,50,Deal.Accessories.OEM,1
203425722,3179,2025-04-03,77,Deal.Accessories.OEM,1
203492725,3183.QA,2025-04-03,143,Deal.Accessories.OEM,1
203536264,3169,2025-04-03,176,Deal.Accessories.OEM,4
203578220,5644,2025-04-03,183,Deal.Accessories.OEM,3
203470458,5234,2025-04-03,430,Deal.Accessories.OEM,4
203471187,5235,2025-04-03,511,Deal.Accessories.OEM,3
203471209,5235,2025-04-03,512,Deal.Accessories.OEM,1
203696334,7070,2025-04-03,908,Deal.Accessories.OEM,4
203884000,7415,2025-04-03,1031,Deal.Accessories.OEM,2
203470729,5234,2025-04-03,1110,Deal.Accessories.OEM,9
203884238,7415,2025-04-03,2128,Deal.Accessories.OEM,2
203696393,7070,2025-04-03,2243,Deal.Accessories.OEM,1
204086993,3184.QA,2025-04-04,3,Deal.Accessories.OEM,1
203919274,3179,2025-04-04,6,Deal.Accessories.OEM,4
204026181,3169,2025-04-04,23,Deal.Accessories.OEM,3
204026210,3169,2025-04-04,29,Deal.Accessories.OEM,2
204312333,5439,2025-04-04,31,Deal.Accessories.OEM,3
204059159,5622,2025-04-04,32,Deal.Accessories.OEM,1
204026278,3169,2025-04-04,46,Deal.Accessories.OEM,4
204362610,7446,2025-04-04,134,Deal.Accessories.OEM,1
204026382,3169,2025-04-04,176,Deal.Accessories.OEM,2
204275821,7831,2025-04-04,221,Deal.Accessories.OEM,1
204059276,5622,2025-04-04,290,Deal.Accessories.OEM,2
204290112,5234,2025-04-04,439,Deal.Accessories.OEM,1
204290744,5235,2025-04-04,511,Deal.Accessories.OEM,13
203957264,7071,2025-04-04,857,Deal.Accessories.OEM,1
204360999,7415,2025-04-04,1031,Deal.Accessories.OEM,9
204290302,5234,2025-04-04,1110,Deal.Accessories.OEM,1
204477614,7682,2025-04-05,50,Deal.Accessories.OEM,3
204424412,5644,2025-04-05,183,Deal.Accessories.OEM,2
204408155,5560,2025-04-05,184,Deal.Accessories.OEM,8
204503510,7696,2025-04-05,209,Deal.Accessories.OEM,1
204411646,5559,2025-04-05,248,Deal.Accessories.OEM,2
204514996,5234,2025-04-05,430,Deal.Accessories.OEM,7
204515039,5234,2025-04-05,439,Deal.Accessories.OEM,4
204515477,5235,2025-04-05,511,Deal.Accessories.OEM,2
204463315,7070,2025-04-05,908,Deal.Accessories.OEM,2
204539067,7415,2025-04-05,1031,Deal.Accessories.OEM,6
204515157,5234,2025-04-05,1110,Deal.Accessories.OEM,26
204567625,7415,2025-04-06,1031,Deal.Accessories.OEM,3
204567696,7415,2025-04-06,2128,Deal.Accessories.OEM,2
204587264,3179,2025-04-07,6,Deal.Accessories.OEM,2
204691380,3169,2025-04-07,23,Deal.Accessories.OEM,6
204691405,3169,2025-04-07,29,Deal.Accessories.OEM,2
204726880,5622,2025-04-07,30,Deal.Accessories.OEM,1
204691419,3169,2025-04-07,32,Deal.Accessories.OEM,1
204693695,5332,2025-04-07,32,Deal.Accessories.OEM,1
204691517,3169,2025-04-07,46,Deal.Accessories.OEM,2
204691537,3169,2025-04-07,47,Deal.Accessories.OEM,1
204896409,7682,2025-04-07,50,Deal.Accessories.OEM,6
204587446,3179,2025-04-07,77,Deal.Accessories.OEM,3
204586456,6173,2025-04-07,149,Deal.Accessories.OEM,1
204586472,6173,2025-04-07,150,Deal.Accessories.OEM,3
204691640,3169,2025-04-07,176,Deal.Accessories.OEM,3
205001857,7717,2025-04-07,262,Deal.Accessories.OEM,3
204972762,7831,2025-04-07,285,Deal.Accessories.OEM,1
204727002,5622,2025-04-07,290,Deal.Accessories.OEM,2
205001924,7717,2025-04-07,324,Deal.Accessories.OEM,1
204964165,5234,2025-04-07,430,Deal.Accessories.OEM,2
204964964,5235,2025-04-07,512,Deal.Accessories.OEM,3
204828710,7070,2025-04-07,950,Deal.Accessories.OEM,2
204964438,5234,2025-04-07,1110,Deal.Accessories.OEM,4
205053162,7415,2025-04-07,2128,Deal.Accessories.OEM,7
204830308,7074,2025-04-07,2956,Deal.Accessories.OEM,1
205083720,3179,2025-04-08,6,Deal.Accessories.OEM,1
205221655,5622,2025-04-08,17,Deal.Accessories.OEM,1
205187444,3169,2025-04-08,23,Deal.Accessories.OEM,6
205187469,3169,2025-04-08,29,Deal.Accessories.OEM,1
205187485,3169,2025-04-08,32,Deal.Accessories.OEM,1
205083895,3179,2025-04-08,77,Deal.Accessories.OEM,5
205187694,3169,2025-04-08,176,Deal.Accessories.OEM,1
205223004,5644,2025-04-08,183,Deal.Accessories.OEM,1
205500113,7717,2025-04-08,251,Deal.Accessories.OEM,1
205461273,7831,2025-04-08,285,Deal.Accessories.OEM,1
205383610,2045,2025-04-08,417,Deal.Accessories.OEM,1
205478768,5234,2025-04-08,430,Deal.Accessories.OEM,5
205479570,5235,2025-04-08,512,Deal.Accessories.OEM,3
205378934,7070,2025-04-08,950,Deal.Accessories.OEM,10
205557948,7415,2025-04-08,1031,Deal.Accessories.OEM,5
205479011,5234,2025-04-08,1110,Deal.Accessories.OEM,4
205558197,7415,2025-04-08,2128,Deal.Accessories.OEM,2
205558342,7415,2025-04-08,2173,Deal.Accessories.OEM,3
205732903,5622,2025-04-09,17,Deal.Accessories.OEM,2
205703273,3169,2025-04-09,23,Deal.Accessories.OEM,6
205732940,5622,2025-04-09,30,Deal.Accessories.OEM,2
205703396,3169,2025-04-09,46,Deal.Accessories.OEM,3
205703503,3169,2025-04-09,176,Deal.Accessories.OEM,3
205733894,5644,2025-04-09,183,Deal.Accessories.OEM,2
205907230,7718.QA,2025-04-09,219,Deal.Accessories.OEM,1
205998177,7717,2025-04-09,262,Deal.Accessories.OEM,3
206025811,5234,2025-04-09,430,Deal.Accessories.OEM,4
206026472,5235,2025-04-09,511,Deal.Accessories.OEM,1
206026490,5235,2025-04-09,512,Deal.Accessories.OEM,2
206026572,5235,2025-04-09,524,Deal.Accessories.OEM,3
205869304,3027,2025-04-09,1021,Deal.Accessories.OEM,1
206055254,7415,2025-04-09,1031,Deal.Accessories.OEM,10
206092138,3179,2025-04-10,6,Deal.Accessories.OEM,1
206350300,5340,2025-04-10,15,Deal.Accessories.OEM,1
206213606,3169,2025-04-10,23,Deal.Accessories.OEM,2
206213629,3169,2025-04-10,29,Deal.Accessories.OEM,1
206213700,3169,2025-04-10,46,Deal.Accessories.OEM,2
206213719,3169,2025-04-10,47,Deal.Accessories.OEM,1
206479521,7696,2025-04-10,182,Deal.Accessories.OEM,1
206479672,7696,2025-04-10,209,Deal.Accessories.OEM,2
206499938,7717,2025-04-10,262,Deal.Accessories.OEM,1
206471337,7831,2025-04-10,285,Deal.Accessories.OEM,1
206244505,5622,2025-04-10,298,Deal.Accessories.OEM,1
206376620,3027,2025-04-10,1021,Deal.Accessories.OEM,4
206559229,7415,2025-04-10,1030,Deal.Accessories.OEM,1
206559250,7415,2025-04-10,1031,Deal.Accessories.OEM,3
206465973,5234,2025-04-10,1110,Deal.Accessories.OEM,13
206559496,7415,2025-04-10,2128,Deal.Accessories.OEM,1
206372591,7070,2025-04-10,2243,Deal.Accessories.OEM,1
206585401,3179,2025-04-11,6,Deal.Accessories.OEM,7
206691740,3169,2025-04-11,23,Deal.Accessories.OEM,3
206691761,3169,2025-04-11,29,Deal.Accessories.OEM,1
206727032,5622,2025-04-11,30,Deal.Accessories.OEM,1
206585574,3179,2025-04-11,77,Deal.Accessories.OEM,1
208747185,7715,2025-04-11,80,Deal.Accessories.OEM,6
206727959,5644,2025-04-11,164,Deal.Accessories.OEM,1
206678701,5560,2025-04-11,184,Deal.Accessories.OEM,5
206727160,5622,2025-04-11,290,Deal.Accessories.OEM,2
206955326,5234,2025-04-11,439,Deal.Accessories.OEM,1
206955473,5234,2025-04-11,496,Deal.Accessories.OEM,1
206956022,5235,2025-04-11,511,Deal.Accessories.OEM,4
206778146,7070,2025-04-11,908,Deal.Accessories.OEM,3
207030065,7415,2025-04-11,1030,Deal.Accessories.OEM,1
207030085,7415,2025-04-11,1031,Deal.Accessories.OEM,11
206955504,5234,2025-04-11,1110,Deal.Accessories.OEM,4
207030438,7415,2025-04-11,2172,Deal.Accessories.OEM,1
207030455,7415,2025-04-11,2173,Deal.Accessories.OEM,3
207095988,5622,2025-04-12,17,Deal.Accessories.OEM,4
207096577,5644,2025-04-12,183,Deal.Accessories.OEM,1
207188149,5439,2025-04-12,222,Deal.Accessories.OEM,1
207177198,7717,2025-04-12,262,Deal.Accessories.OEM,4
207171221,7831,2025-04-12,285,Deal.Accessories.OEM,10
207177218,7717,2025-04-12,324,Deal.Accessories.OEM,2
207146745,7681,2025-04-12,364,Deal.Accessories.OEM,1
207181871,5234,2025-04-12,430,Deal.Accessories.OEM,4
207182005,5234,2025-04-12,496,Deal.Accessories.OEM,2
207182376,5235,2025-04-12,511,Deal.Accessories.OEM,3
207182449,5235,2025-04-12,524,Deal.Accessories.OEM,2
207122116,7070,2025-04-12,908,Deal.Accessories.OEM,4
207122129,7070,2025-04-12,950,Deal.Accessories.OEM,4
207211158,7415,2025-04-12,1030,Deal.Accessories.OEM,1
207211178,7415,2025-04-12,1031,Deal.Accessories.OEM,2
207182040,5234,2025-04-12,1110,Deal.Accessories.OEM,8
207211391,7415,2025-04-12,2128,Deal.Accessories.OEM,1
207228247,7696,2025-04-13,209,Deal.Accessories.OEM,3
207236983,7415,2025-04-13,2128,Deal.Accessories.OEM,14
207257382,3179,2025-04-14,6,Deal.Accessories.OEM,7
207378580,3169,2025-04-14,23,Deal.Accessories.OEM,2
207675044,5439,2025-04-14,25,Deal.Accessories.OEM,4
207378603,3169,2025-04-14,29,Deal.Accessories.OEM,1
207378620,3169,2025-04-14,32,Deal.Accessories.OEM,1
207378685,3169,2025-04-14,45,Deal.Accessories.OEM,2
207378710,3169,2025-04-14,46,Deal.Accessories.OEM,4
207651858,7696,2025-04-14,209,Deal.Accessories.OEM,1
207667286,7717,2025-04-14,262,Deal.Accessories.OEM,4
207638815,7831,2025-04-14,285,Deal.Accessories.OEM,3
207310539,5234,2025-04-14,430,Deal.Accessories.OEM,2
207310582,5234,2025-04-14,439,Deal.Accessories.OEM,1
207311332,5235,2025-04-14,512,Deal.Accessories.OEM,4
207291808,5513,2025-04-14,705,Deal.Accessories.OEM,1
207542905,7070,2025-04-14,950,Deal.Accessories.OEM,2
207724502,7415,2025-04-14,1031,Deal.Accessories.OEM,1
207310821,5234,2025-04-14,1110,Deal.Accessories.OEM,4
207724638,7415,2025-04-14,2128,Deal.Accessories.OEM,9
207724766,7415,2025-04-14,2173,Deal.Accessories.OEM,1
207903862,5622,2025-04-15,17,Deal.Accessories.OEM,4
207860943,3169,2025-04-15,23,Deal.Accessories.OEM,8
207860972,3169,2025-04-15,29,Deal.Accessories.OEM,3
207862180,5559,2025-04-15,170,Deal.Accessories.OEM,1
207861196,3169,2025-04-15,176,Deal.Accessories.OEM,2
207904539,5644,2025-04-15,183,Deal.Accessories.OEM,2
208139107,7696,2025-04-15,209,Deal.Accessories.OEM,2
208131719,7831,2025-04-15,285,Deal.Accessories.OEM,1
207904060,5622,2025-04-15,290,Deal.Accessories.OEM,2
208209978,5234,2025-04-15,430,Deal.Accessories.OEM,1
208210232,5234,2025-04-15,496,Deal.Accessories.OEM,1
208210772,5235,2025-04-15,511,Deal.Accessories.OEM,1
208210795,5235,2025-04-15,512,Deal.Accessories.OEM,2
207931554,7070,2025-04-15,950,Deal.Accessories.OEM,1
208232757,7415,2025-04-15,1031,Deal.Accessories.OEM,1
208210263,5234,2025-04-15,1110,Deal.Accessories.OEM,9
208232996,7415,2025-04-15,2128,Deal.Accessories.OEM,9
208233165,7415,2025-04-15,2173,Deal.Accessories.OEM,7
208263986,3179,2025-04-16,6,Deal.Accessories.OEM,2
208364664,5332,2025-04-16,11,Deal.Accessories.OEM,1
208367744,3169,2025-04-16,23,Deal.Accessories.OEM,4
208367756,3169,2025-04-16,29,Deal.Accessories.OEM,2
208367772,3169,2025-04-16,32,Deal.Accessories.OEM,2
208367858,3169,2025-04-16,46,Deal.Accessories.OEM,5
208279074,7165,2025-04-16,98,Deal.Accessories.OEM,1
208263741,6173,2025-04-16,150,Deal.Accessories.OEM,1
208367962,3169,2025-04-16,176,Deal.Accessories.OEM,2
208406420,5644,2025-04-16,183,Deal.Accessories.OEM,1
208418298,5544,2025-04-16,220,Deal.Accessories.OEM,1
208618042,7717,2025-04-16,262,Deal.Accessories.OEM,4
208407851,5622,2025-04-16,290,Deal.Accessories.OEM,1
208278149,7571,2025-04-16,297,Deal.Accessories.OEM,1
208618090,7717,2025-04-16,325,Deal.Accessories.OEM,1
208695116,5234,2025-04-16,430,Deal.Accessories.OEM,3
208695167,5234,2025-04-16,439,Deal.Accessories.OEM,1
208695977,5235,2025-04-16,524,Deal.Accessories.OEM,6
208248137,7139,2025-04-16,642,Deal.Accessories.OEM,1
208248321,7139,2025-04-16,679,Deal.Accessories.OEM,1
208492412,7070,2025-04-16,908,Deal.Accessories.OEM,1
208492429,7070,2025-04-16,950,Deal.Accessories.OEM,2
208732405,7415,2025-04-16,1031,Deal.Accessories.OEM,5
208732621,7415,2025-04-16,2128,Deal.Accessories.OEM,4
208732775,7415,2025-04-16,2173,Deal.Accessories.OEM,2
208769068,3179,2025-04-17,6,Deal.Accessories.OEM,1
209174831,5439,2025-04-17,25,Deal.Accessories.OEM,1
208873382,3169,2025-04-17,29,Deal.Accessories.OEM,1
208873426,3169,2025-04-17,45,Deal.Accessories.OEM,4
208806985,5394,2025-04-17,58,Deal.Accessories.OEM,2
208780005,7186,2025-04-17,102,Deal.Accessories.OEM,1
209101502,7718,2025-04-17,104,Deal.Accessories.OEM,1
208768023,6173,2025-04-17,149,Deal.Accessories.OEM,2
208768040,6173,2025-04-17,150,Deal.Accessories.OEM,1
208873551,3169,2025-04-17,176,Deal.Accessories.OEM,3
208870764,5560,2025-04-17,184,Deal.Accessories.OEM,1
209148617,7696,2025-04-17,209,Deal.Accessories.OEM,1
209110927,7717,2025-04-17,251,Deal.Accessories.OEM,2
209111008,7717,2025-04-17,262,Deal.Accessories.OEM,10
209077766,7831,2025-04-17,285,Deal.Accessories.OEM,3
208849861,5219,2025-04-17,315,Deal.Accessories.OEM,4
209162663,5234,2025-04-17,430,Deal.Accessories.OEM,1
209228171,7415,2025-04-17,1031,Deal.Accessories.OEM,3
209162898,5234,2025-04-17,1110,Deal.Accessories.OEM,6
209228382,7415,2025-04-17,2128,Deal.Accessories.OEM,8
209228511,7415,2025-04-17,2173,Deal.Accessories.OEM,3
209256145,3169,2025-04-18,23,Deal.Accessories.OEM,3
209256159,3169,2025-04-18,29,Deal.Accessories.OEM,4
209256169,3169,2025-04-18,32,Deal.Accessories.OEM,1
209256232,3169,2025-04-18,46,Deal.Accessories.OEM,1
209256265,3169,2025-04-18,176,Deal.Accessories.OEM,1
209387035,7415,2025-04-18,1031,Deal.Accessories.OEM,5
209394057,3179,2025-04-19,6,Deal.Accessories.OEM,1
209430782,5622,2025-04-19,17,Deal.Accessories.OEM,1
209502616,7696,2025-04-19,209,Deal.Accessories.OEM,1
209433315,5544,2025-04-19,220,Deal.Accessories.OEM,2
209437464,3183,2025-04-19,231,Deal.Accessories.OEM,1
209396925,7571,2025-04-19,256,Deal.Accessories.OEM,1
209480247,7831,2025-04-19,285,Deal.Accessories.OEM,12
209430792,5622,2025-04-19,290,Deal.Accessories.OEM,3
209519603,5235,2025-04-19,512,Deal.Accessories.OEM,2
209519677,5235,2025-04-19,524,Deal.Accessories.OEM,4
209452977,7070,2025-04-19,908,Deal.Accessories.OEM,1
209452996,7070,2025-04-19,950,Deal.Accessories.OEM,3
209532017,7415,2025-04-19,1030,Deal.Accessories.OEM,2
209532042,7415,2025-04-19,1031,Deal.Accessories.OEM,2
209519286,5234,2025-04-19,1110,Deal.Accessories.OEM,19
209532205,7415,2025-04-19,2128,Deal.Accessories.OEM,14
209549955,7415,2025-04-20,1031,Deal.Accessories.OEM,1
209550024,7415,2025-04-20,2128,Deal.Accessories.OEM,12
209569498,3179,2025-04-21,6,Deal.Accessories.OEM,6
209764016,5622,2025-04-21,17,Deal.Accessories.OEM,1
209662801,3169,2025-04-21,23,Deal.Accessories.OEM,2
209662836,3169,2025-04-21,32,Deal.Accessories.OEM,2
209662899,3169,2025-04-21,46,Deal.Accessories.OEM,2
209565838,6173,2025-04-21,150,Deal.Accessories.OEM,5
209663013,3169,2025-04-21,176,Deal.Accessories.OEM,1
209925726,7696,2025-04-21,209,Deal.Accessories.OEM,1
209895172,7717,2025-04-21,262,Deal.Accessories.OEM,7
209866988,7831,2025-04-21,285,Deal.Accessories.OEM,5
209584812,7571,2025-04-21,297,Deal.Accessories.OEM,1
209969666,5234,2025-04-21,430,Deal.Accessories.OEM,3
209969714,5234,2025-04-21,439,Deal.Accessories.OEM,2
209795923,7070,2025-04-21,444,Deal.Accessories.OEM,2
209970472,5235,2025-04-21,524,Deal.Accessories.OEM,4
209795955,7070,2025-04-21,908,Deal.Accessories.OEM,1
209795972,7070,2025-04-21,950,Deal.Accessories.OEM,1
209996393,7415,2025-04-21,1030,Deal.Accessories.OEM,4
209969891,5234,2025-04-21,1110,Deal.Accessories.OEM,9
209996539,7415,2025-04-21,2128,Deal.Accessories.OEM,7
209996681,7415,2025-04-21,2173,Deal.Accessories.OEM,5
209796263,7070,2025-04-21,2948,Deal.Accessories.OEM,2
210131655,3169,2025-04-22,23,Deal.Accessories.OEM,3
210131676,3169,2025-04-22,29,Deal.Accessories.OEM,1
210131696,3169,2025-04-22,32,Deal.Accessories.OEM,1
210131783,3169,2025-04-22,46,Deal.Accessories.OEM,1
210025213,3179,2025-04-22,77,Deal.Accessories.OEM,1
210353872,7832,2025-04-22,179,Deal.Accessories.OEM,2
210422273,7696,2025-04-22,208,Deal.Accessories.OEM,1
210384274,7717,2025-04-22,251,Deal.Accessories.OEM,1
210384359,7717,2025-04-22,262,Deal.Accessories.OEM,2
210460260,5234,2025-04-22,430,Deal.Accessories.OEM,4
210460301,5234,2025-04-22,439,Deal.Accessories.OEM,1
210087384,5623,2025-04-22,536,Deal.Accessories.OEM,1
210022774,7206,2025-04-22,894,Deal.Accessories.OEM,1
210500598,7415,2025-04-22,1031,Deal.Accessories.OEM,1
210460553,5234,2025-04-22,1110,Deal.Accessories.OEM,4
210383458,7468,2025-04-22,1265,Deal.Accessories.OEM,4
210500846,7415,2025-04-22,2128,Deal.Accessories.OEM,1
210500995,7415,2025-04-22,2173,Deal.Accessories.OEM,3
210527635,3179,2025-04-23,6,Deal.Accessories.OEM,12
210564232,5622,2025-04-23,17,Deal.Accessories.OEM,1
210630797,3169,2025-04-23,23,Deal.Accessories.OEM,7
210630817,3169,2025-04-23,29,Deal.Accessories.OEM,2
210912910,7715,2025-04-23,83,Deal.Accessories.OEM,1
210720005,5332,2025-04-23,123,Deal.Accessories.OEM,1
210926804,7696,2025-04-23,183,Deal.Accessories.OEM,1
210668163,5560,2025-04-23,184,Deal.Accessories.OEM,2
210890745,7717,2025-04-23,262,Deal.Accessories.OEM,1
210717054,5644,2025-04-23,266,Deal.Accessories.OEM,2
210899487,7831,2025-04-23,285,Deal.Accessories.OEM,1
210977740,5234,2025-04-23,430,Deal.Accessories.OEM,5
210978458,5235,2025-04-23,511,Deal.Accessories.OEM,1
210978478,5235,2025-04-23,512,Deal.Accessories.OEM,10
211003578,7415,2025-04-23,1031,Deal.Accessories.OEM,12
211003851,7415,2025-04-23,2128,Deal.Accessories.OEM,9
210789340,7070,2025-04-23,2948,Deal.Accessories.OEM,1
210978268,5234,2025-04-23,2970,Deal.Accessories.OEM,2
211030849,7186,2025-04-24,2,Deal.Accessories.OEM,1
211039139,3179,2025-04-24,6,Deal.Accessories.OEM,2
211070328,5622,2025-04-24,17,Deal.Accessories.OEM,2
211143644,3169,2025-04-24,23,Deal.Accessories.OEM,1
211143723,3169,2025-04-24,46,Deal.Accessories.OEM,10
211031030,7186,2025-04-24,105,Deal.Accessories.OEM,4
211035262,6173,2025-04-24,150,Deal.Accessories.OEM,3
211143822,3169,2025-04-24,176,Deal.Accessories.OEM,2
211407550,7831,2025-04-24,221,Deal.Accessories.OEM,1
211444050,5439,2025-04-24,222,Deal.Accessories.OEM,1
211407795,7831,2025-04-24,285,Deal.Accessories.OEM,1
211041923,7166,2025-04-24,315,Deal.Accessories.OEM,1
211450995,5234,2025-04-24,430,Deal.Accessories.OEM,1
211451737,5235,2025-04-24,511,Deal.Accessories.OEM,2
211451761,5235,2025-04-24,512,Deal.Accessories.OEM,4
211451841,5235,2025-04-24,524,Deal.Accessories.OEM,1
211504633,7415,2025-04-24,1031,Deal.Accessories.OEM,3
211451285,5234,2025-04-24,1110,Deal.Accessories.OEM,4
211504904,7415,2025-04-24,2128,Deal.Accessories.OEM,2
211505048,7415,2025-04-24,2173,Deal.Accessories.OEM,6
211539606,7186,2025-04-25,2,Deal.Accessories.OEM,5
211538798,3179,2025-04-25,6,Deal.Accessories.OEM,3
211641111,3169,2025-04-25,23,Deal.Accessories.OEM,3
211641142,3169,2025-04-25,32,Deal.Accessories.OEM,2
211641211,3169,2025-04-25,47,Deal.Accessories.OEM,1
211551447,6173,2025-04-25,150,Deal.Accessories.OEM,3
211710212,5644,2025-04-25,157,Deal.Accessories.OEM,1
211641293,3169,2025-04-25,176,Deal.Accessories.OEM,2
211716684,5560,2025-04-25,184,Deal.Accessories.OEM,3
211706739,3183,2025-04-25,234,Deal.Accessories.OEM,1
211626981,5219,2025-04-25,270,Deal.Accessories.OEM,1
211912783,5234,2025-04-25,496,Deal.Accessories.OEM,1
211913306,5235,2025-04-25,511,Deal.Accessories.OEM,3
211913390,5235,2025-04-25,524,Deal.Accessories.OEM,2
211578632,7070,2025-04-25,908,Deal.Accessories.OEM,2
211987931,7415,2025-04-25,1031,Deal.Accessories.OEM,6
211912821,5234,2025-04-25,1110,Deal.Accessories.OEM,9
211848631,7468,2025-04-25,1207,Deal.Accessories.OEM,2
211988125,7415,2025-04-25,2092,Deal.Accessories.OEM,1
211988297,7415,2025-04-25,2173,Deal.Accessories.OEM,9
211580145,7074,2025-04-25,2331,Deal.Accessories.OEM,1
211578998,7070,2025-04-25,2948,Deal.Accessories.OEM,1
212013621,5332,2025-04-26,2,Deal.Accessories.OEM,1
212123714,7834,2025-04-26,248,Deal.Accessories.OEM,1
212159016,5234,2025-04-26,430,Deal.Accessories.OEM,5
212159065,5234,2025-04-26,439,Deal.Accessories.OEM,7
212159136,5234,2025-04-26,496,Deal.Accessories.OEM,1
212159546,5235,2025-04-26,511,Deal.Accessories.OEM,1
212159577,5235,2025-04-26,512,Deal.Accessories.OEM,1
212159645,5235,2025-04-26,524,Deal.Accessories.OEM,4
212027029,7070,2025-04-26,950,Deal.Accessories.OEM,1
212168615,7415,2025-04-26,1030,Deal.Accessories.OEM,4
212168639,7415,2025-04-26,1031,Deal.Accessories.OEM,7
212159169,5234,2025-04-26,1110,Deal.Accessories.OEM,20
212168840,7415,2025-04-26,2128,Deal.Accessories.OEM,2
212182112,7682,2025-04-27,50,Deal.Accessories.OEM,5
212192081,7415,2025-04-27,1030,Deal.Accessories.OEM,4
212192107,7415,2025-04-27,1031,Deal.Accessories.OEM,1
212192186,7415,2025-04-27,2128,Deal.Accessories.OEM,10
212200514,7186,2025-04-28,2,Deal.Accessories.OEM,2
212214521,3179,2025-04-28,6,Deal.Accessories.OEM,1
212291579,5622,2025-04-28,17,Deal.Accessories.OEM,1
212321869,3169,2025-04-28,23,Deal.Accessories.OEM,2
212675242,5439,2025-04-28,25,Deal.Accessories.OEM,1
212321896,3169,2025-04-28,29,Deal.Accessories.OEM,8
212322006,3169,2025-04-28,46,Deal.Accessories.OEM,6
212587400,7682,2025-04-28,50,Deal.Accessories.OEM,1
212322121,3169,2025-04-28,176,Deal.Accessories.OEM,5
212392329,5560,2025-04-28,199,Deal.Accessories.OEM,1
212593952,7831,2025-04-28,285,Deal.Accessories.OEM,4
212624446,5234,2025-04-28,430,Deal.Accessories.OEM,1
212624486,5234,2025-04-28,439,Deal.Accessories.OEM,1
212624700,5234,2025-04-28,496,Deal.Accessories.OEM,2
212625227,5235,2025-04-28,512,Deal.Accessories.OEM,2
212354543,7070,2025-04-28,908,Deal.Accessories.OEM,3
212647712,7415,2025-04-28,1031,Deal.Accessories.OEM,6
212624730,5234,2025-04-28,1110,Deal.Accessories.OEM,6
212614086,7468,2025-04-28,1207,Deal.Accessories.OEM,1
212614215,7468,2025-04-28,1269,Deal.Accessories.OEM,3
212647830,7415,2025-04-28,2092,Deal.Accessories.OEM,1
212647988,7415,2025-04-28,2173,Deal.Accessories.OEM,9
212721467,3179,2025-04-29,6,Deal.Accessories.OEM,3
212800009,5622,2025-04-29,17,Deal.Accessories.OEM,1
212847020,3169,2025-04-29,23,Deal.Accessories.OEM,1
212847035,3169,2025-04-29,29,Deal.Accessories.OEM,7
212800072,5622,2025-04-29,32,Deal.Accessories.OEM,2
212847136,3169,2025-04-29,46,Deal.Accessories.OEM,3
212847153,3169,2025-04-29,47,Deal.Accessories.OEM,2
212735405,7165,2025-04-29,98,Deal.Accessories.OEM,2
212917852,5644,2025-04-29,183,Deal.Accessories.OEM,1
213196736,5439,2025-04-29,222,Deal.Accessories.OEM,1
213105373,7717,2025-04-29,251,Deal.Accessories.OEM,3
213092715,7831,2025-04-29,285,Deal.Accessories.OEM,3
212914517,3183,2025-04-29,365,Deal.Accessories.OEM,2
212828258,5234,2025-04-29,496,Deal.Accessories.OEM,3
212828815,5235,2025-04-29,511,Deal.Accessories.OEM,3
212828839,5235,2025-04-29,512,Deal.Accessories.OEM,3
212828297,5234,2025-04-29,1110,Deal.Accessories.OEM,7
213103687,7468,2025-04-29,1207,Deal.Accessories.OEM,2
213164334,7415,2025-04-29,2128,Deal.Accessories.OEM,11
213164481,7415,2025-04-29,2173,Deal.Accessories.OEM,3
213248998,7186,2025-04-30,5,Deal.Accessories.OEM,1
213249389,3179,2025-04-30,6,Deal.Accessories.OEM,3
213366411,3169,2025-04-30,23,Deal.Accessories.OEM,3
213366426,3169,2025-04-30,29,Deal.Accessories.OEM,2
213739778,5439,2025-04-30,31,Deal.Accessories.OEM,1
213366437,3169,2025-04-30,32,Deal.Accessories.OEM,1
213366517,3169,2025-04-30,46,Deal.Accessories.OEM,4
213366539,3169,2025-04-30,47,Deal.Accessories.OEM,1
213249235,7186,2025-04-30,109,Deal.Accessories.OEM,1
213249275,7186,2025-04-30,119,Deal.Accessories.OEM,2
213280053,5560,2025-04-30,184,Deal.Accessories.OEM,1
213631515,7717,2025-04-30,262,Deal.Accessories.OEM,1
213620051,7831,2025-04-30,285,Deal.Accessories.OEM,2
213631598,7717,2025-04-30,324,Deal.Accessories.OEM,1
213672373,5234,2025-04-30,430,Deal.Accessories.OEM,2
213672421,5234,2025-04-30,439,Deal.Accessories.OEM,1
213673105,5235,2025-04-30,512,Deal.Accessories.OEM,3
213673197,5235,2025-04-30,524,Deal.Accessories.OEM,2
213706885,7415,2025-04-30,1031,Deal.Accessories.OEM,10
213672649,5234,2025-04-30,1110,Deal.Accessories.OEM,1
213707134,7415,2025-04-30,2128,Deal.Accessories.OEM,5
213782996,3179,2025-05-01,6,Deal.Accessories.OEM,1
213896690,3169,2025-05-01,23,Deal.Accessories.OEM,1
214257323,5439,2025-05-01,31,Deal.Accessories.OEM,1
213896874,3169,2025-05-01,176,Deal.Accessories.OEM,1
213817224,5560,2025-05-01,186,Deal.Accessories.OEM,1
214128820,7696,2025-05-01,208,Deal.Accessories.OEM,1
214257527,5439,2025-05-01,222,Deal.Accessories.OEM,1
213961337,5217,2025-05-01,226,Deal.Accessories.OEM,1
213860372,5622,2025-05-01,290,Deal.Accessories.OEM,1
214146116,7831,2025-05-01,308,Deal.Accessories.OEM,1
214180641,5234,2025-05-01,430,Deal.Accessories.OEM,2
214181375,5235,2025-05-01,512,Deal.Accessories.OEM,1
214181458,5235,2025-05-01,524,Deal.Accessories.OEM,1
213978285,7070,2025-05-01,950,Deal.Accessories.OEM,2
214225389,7415,2025-05-01,1031,Deal.Accessories.OEM,10
214180943,5234,2025-05-01,1110,Deal.Accessories.OEM,15
214164538,7468,2025-05-01,1207,Deal.Accessories.OEM,1
214225787,7415,2025-05-01,2173,Deal.Accessories.OEM,7
214377129,5622,2025-05-02,17,Deal.Accessories.OEM,3
214377196,5622,2025-05-02,32,Deal.Accessories.OEM,2
214408175,3169,2025-05-02,46,Deal.Accessories.OEM,1
214616203,7696,2025-05-02,153,Deal.Accessories.OEM,1
214408264,3169,2025-05-02,176,Deal.Accessories.OEM,1
214474027,5644,2025-05-02,183,Deal.Accessories.OEM,1
214306961,7161,2025-05-02,216,Deal.Accessories.OEM,1
214377311,5622,2025-05-02,290,Deal.Accessories.OEM,1
214395312,5219,2025-05-02,315,Deal.Accessories.OEM,2
214723030,5234,2025-05-02,439,Deal.Accessories.OEM,1
214723181,5234,2025-05-02,496,Deal.Accessories.OEM,1
214723725,5235,2025-05-02,524,Deal.Accessories.OEM,5
214699266,7415,2025-05-02,1030,Deal.Accessories.OEM,1
214699293,7415,2025-05-02,1031,Deal.Accessories.OEM,20
214723218,5234,2025-05-02,1110,Deal.Accessories.OEM,6
214521918,7074,2025-05-02,2956,Deal.Accessories.OEM,1
214764224,7571,2025-05-03,62,Deal.Accessories.OEM,1
214912616,7446,2025-05-03,115,Deal.Accessories.OEM,1
214769375,5560,2025-05-03,199,Deal.Accessories.OEM,1
214900677,5234,2025-05-03,430,Deal.Accessories.OEM,2
214901143,5235,2025-05-03,511,Deal.Accessories.OEM,7
214901219,5235,2025-05-03,524,Deal.Accessories.OEM,3
214842148,7070,2025-05-03,908,Deal.Accessories.OEM,1
214896165,7415,2025-05-03,1030,Deal.Accessories.OEM,5
214896190,7415,2025-05-03,1031,Deal.Accessories.OEM,8
214900837,5234,2025-05-03,1110,Deal.Accessories.OEM,9
214896374,7415,2025-05-03,2128,Deal.Accessories.OEM,4
214896399,7415,2025-05-03,2142,Deal.Accessories.OEM,1
214937175,7415,2025-05-04,1030,Deal.Accessories.OEM,9
214937242,7415,2025-05-04,2128,Deal.Accessories.OEM,12
215064743,5622,2025-05-05,17,Deal.Accessories.OEM,1
215092077,3169,2025-05-05,23,Deal.Accessories.OEM,5
215092098,3169,2025-05-05,29,Deal.Accessories.OEM,3
215064788,5622,2025-05-05,30,Deal.Accessories.OEM,1
215092176,3169,2025-05-05,45,Deal.Accessories.OEM,1
214979706,6173,2025-05-05,150,Deal.Accessories.OEM,1
215335627,7831,2025-05-05,285,Deal.Accessories.OEM,3
215064942,5622,2025-05-05,290,Deal.Accessories.OEM,4
214991245,7571,2025-05-05,297,Deal.Accessories.OEM,4
215335772,7831,2025-05-05,313,Deal.Accessories.OEM,1
215013692,5235,2025-05-05,511,Deal.Accessories.OEM,1
215013806,5235,2025-05-05,524,Deal.Accessories.OEM,5
214964021,7129,2025-05-05,691,Deal.Accessories.OEM,2
215013133,5234,2025-05-05,1110,Deal.Accessories.OEM,8
215317379,7468,2025-05-05,1207,Deal.Accessories.OEM,1
215399722,7415,2025-05-05,2128,Deal.Accessories.OEM,4
215399850,7415,2025-05-05,2173,Deal.Accessories.OEM,1
215214069,7074,2025-05-05,2956,Deal.Accessories.OEM,1
215473482,7186,2025-05-06,2,Deal.Accessories.OEM,2
215550358,5622,2025-05-06,17,Deal.Accessories.OEM,2
215581747,3169,2025-05-06,23,Deal.Accessories.OEM,5
215581767,3169,2025-05-06,29,Deal.Accessories.OEM,2
215550392,5622,2025-05-06,30,Deal.Accessories.OEM,1
215581854,3169,2025-05-06,46,Deal.Accessories.OEM,2
215468615,3179,2025-05-06,77,Deal.Accessories.OEM,1
215891985,7446,2025-05-06,108,Deal.Accessories.OEM,6
215656353,3183,2025-05-06,207,Deal.Accessories.OEM,1
215849090,7717,2025-05-06,262,Deal.Accessories.OEM,1
215828753,7831,2025-05-06,285,Deal.Accessories.OEM,5
215550546,5622,2025-05-06,290,Deal.Accessories.OEM,1
215883983,5234,2025-05-06,430,Deal.Accessories.OEM,1
215884194,5234,2025-05-06,496,Deal.Accessories.OEM,4
215884834,5235,2025-05-06,524,Deal.Accessories.OEM,3
215884229,5234,2025-05-06,1110,Deal.Accessories.OEM,11
215906298,7415,2025-05-06,2092,Deal.Accessories.OEM,3
215906333,7415,2025-05-06,2128,Deal.Accessories.OEM,6
215906504,7415,2025-05-06,2173,Deal.Accessories.OEM,8
216060709,5622,2025-05-07,17,Deal.Accessories.OEM,1
216094932,3169,2025-05-07,23,Deal.Accessories.OEM,2
216095057,3169,2025-05-07,46,Deal.Accessories.OEM,2
216313450,7682,2025-05-07,50,Deal.Accessories.OEM,2
215977078,3179,2025-05-07,77,Deal.Accessories.OEM,1
215990097,7165,2025-05-07,98,Deal.Accessories.OEM,1
216172214,5644,2025-05-07,183,Deal.Accessories.OEM,3
216172445,5644,2025-05-07,266,Deal.Accessories.OEM,1
216060885,5622,2025-05-07,290,Deal.Accessories.OEM,2
216322682,5234,2025-05-07,439,Deal.Accessories.OEM,3
216323427,5235,2025-05-07,512,Deal.Accessories.OEM,1
216323514,5235,2025-05-07,524,Deal.Accessories.OEM,3
216322919,5234,2025-05-07,1110,Deal.Accessories.OEM,1
216410201,7415,2025-05-07,2128,Deal.Accessories.OEM,1
216410366,7415,2025-05-07,2173,Deal.Accessories.OEM,7
216479867,3179,2025-05-08,5,Deal.Accessories.OEM,1
216493214,7186,2025-05-08,16,Deal.Accessories.OEM,1
216592946,3169,2025-05-08,23,Deal.Accessories.OEM,5
216592964,3169,2025-05-08,29,Deal.Accessories.OEM,4
216562109,5622,2025-05-08,32,Deal.Accessories.OEM,1
216593031,3169,2025-05-08,46,Deal.Accessories.OEM,1
216503251,7571,2025-05-08,54,Deal.Accessories.OEM,1
216491364,6173,2025-05-08,149,Deal.Accessories.OEM,2
216593129,3169,2025-05-08,176,Deal.Accessories.OEM,1
216836403,7831,2025-05-08,285,Deal.Accessories.OEM,1
216562224,5622,2025-05-08,290,Deal.Accessories.OEM,1
216919690,5234,2025-05-08,496,Deal.Accessories.OEM,4
216920227,5235,2025-05-08,512,Deal.Accessories.OEM,9
216920331,5235,2025-05-08,524,Deal.Accessories.OEM,2
216558681,5614,2025-05-08,743,Deal.Accessories.OEM,1
216905660,7415,2025-05-08,1028,Deal.Accessories.OEM,2
216919724,5234,2025-05-08,1110,Deal.Accessories.OEM,2
216905926,7415,2025-05-08,2142,Deal.Accessories.OEM,1
216906005,7415,2025-05-08,2173,Deal.Accessories.OEM,1
217054705,5622,2025-05-09,17,Deal.Accessories.OEM,1
217092924,3169,2025-05-09,29,Deal.Accessories.OEM,3
217092986,3169,2025-05-09,46,Deal.Accessories.OEM,1
217335417,7717,2025-05-09,251,Deal.Accessories.OEM,2
217171236,5644,2025-05-09,266,Deal.Accessories.OEM,3
217322162,7831,2025-05-09,285,Deal.Accessories.OEM,1
217054893,5622,2025-05-09,290,Deal.Accessories.OEM,4
217405535,5235,2025-05-09,511,Deal.Accessories.OEM,1
217405623,5235,2025-05-09,524,Deal.Accessories.OEM,1
217404992,5234,2025-05-09,1110,Deal.Accessories.OEM,15
217386754,7415,2025-05-09,2142,Deal.Accessories.OEM,1
217386818,7415,2025-05-09,2173,Deal.Accessories.OEM,3
217550310,7682,2025-05-10,50,Deal.Accessories.OEM,1
217595624,6511,2025-05-10,158,Deal.Accessories.OEM,1
217500829,5644,2025-05-10,163,Deal.Accessories.OEM,1
217500913,5644,2025-05-10,183,Deal.Accessories.OEM,1
217448564,7571,2025-05-10,243,Deal.Accessories.OEM,1
217546302,7717,2025-05-10,324,Deal.Accessories.OEM,2
217585980,5234,2025-05-10,430,Deal.Accessories.OEM,4
217586013,5234,2025-05-10,439,Deal.Accessories.OEM,3
217515337,5340,2025-05-10,455,Deal.Accessories.OEM,1
217586075,5234,2025-05-10,496,Deal.Accessories.OEM,1
217586473,5235,2025-05-10,511,Deal.Accessories.OEM,1
217586504,5235,2025-05-10,512,Deal.Accessories.OEM,1
217586568,5235,2025-05-10,524,Deal.Accessories.OEM,3
217580533,7415,2025-05-10,1030,Deal.Accessories.OEM,5
217543991,7468,2025-05-10,1207,Deal.Accessories.OEM,1
217580738,7415,2025-05-10,2128,Deal.Accessories.OEM,3
217618978,7415,2025-05-11,1030,Deal.Accessories.OEM,1
217619041,7415,2025-05-11,2128,Deal.Accessories.OEM,7
217654259,3179,2025-05-12,6,Deal.Accessories.OEM,3
217666735,7186,2025-05-12,16,Deal.Accessories.OEM,5
217768761,3169,2025-05-12,23,Deal.Accessories.OEM,7
217768784,3169,2025-05-12,29,Deal.Accessories.OEM,1
217768896,3169,2025-05-12,46,Deal.Accessories.OEM,2
217988734,7682,2025-05-12,50,Deal.Accessories.OEM,3
217989113,7683,2025-05-12,76,Deal.Accessories.OEM,1
217666883,7186,2025-05-12,109,Deal.Accessories.OEM,1
217769000,3169,2025-05-12,176,Deal.Accessories.OEM,3
218103397,2340,2025-05-12,222,Deal.Accessories.OEM,1
217966302,7717,2025-05-12,262,Deal.Accessories.OEM,1
217847115,5644,2025-05-12,266,Deal.Accessories.OEM,2
218080221,5234,2025-05-12,430,Deal.Accessories.OEM,1
218080253,5234,2025-05-12,439,Deal.Accessories.OEM,2
218081028,5235,2025-05-12,512,Deal.Accessories.OEM,1
218081126,5235,2025-05-12,524,Deal.Accessories.OEM,1
217727855,5544,2025-05-12,731,Deal.Accessories.OEM,1
218056463,7415,2025-05-12,1030,Deal.Accessories.OEM,2
218080479,5234,2025-05-12,1110,Deal.Accessories.OEM,2
218056601,7415,2025-05-12,2092,Deal.Accessories.OEM,4
218056628,7415,2025-05-12,2128,Deal.Accessories.OEM,2
218056752,7415,2025-05-12,2173,Deal.Accessories.OEM,3
218293321,5622,2025-05-13,17,Deal.Accessories.OEM,1
218261603,3169,2025-05-13,23,Deal.Accessories.OEM,4
218261624,3169,2025-05-13,29,Deal.Accessories.OEM,2
218261726,3169,2025-05-13,46,Deal.Accessories.OEM,1
218261740,3169,2025-05-13,47,Deal.Accessories.OEM,3
218261832,3169,2025-05-13,176,Deal.Accessories.OEM,3
218345722,5644,2025-05-13,183,Deal.Accessories.OEM,2
218345943,5644,2025-05-13,266,Deal.Accessories.OEM,1
218510486,7831,2025-05-13,285,Deal.Accessories.OEM,1
218569268,5234,2025-05-13,430,Deal.Accessories.OEM,2
218570145,5235,2025-05-13,512,Deal.Accessories.OEM,2
218226015,5541,2025-05-13,598,Deal.Accessories.OEM,1
218569535,5234,2025-05-13,1110,Deal.Accessories.OEM,12
218574479,7415,2025-05-13,2128,Deal.Accessories.OEM,1
218574621,7415,2025-05-13,2173,Deal.Accessories.OEM,2
218410090,7074,2025-05-13,2331,Deal.Accessories.OEM,1
218665890,3179,2025-05-14,6,Deal.Accessories.OEM,4
218734403,5541,2025-05-14,15,Deal.Accessories.OEM,4
218799859,5622,2025-05-14,17,Deal.Accessories.OEM,1
218773861,3169,2025-05-14,23,Deal.Accessories.OEM,3
218773885,3169,2025-05-14,29,Deal.Accessories.OEM,1
218773967,3169,2025-05-14,45,Deal.Accessories.OEM,1
218773993,3169,2025-05-14,46,Deal.Accessories.OEM,1
218960652,7696,2025-05-14,209,Deal.Accessories.OEM,1
218985852,7717,2025-05-14,262,Deal.Accessories.OEM,1
218857858,5644,2025-05-14,266,Deal.Accessories.OEM,1
219013385,7831,2025-05-14,285,Deal.Accessories.OEM,6
218800037,5622,2025-05-14,290,Deal.Accessories.OEM,2
219059822,5234,2025-05-14,430,Deal.Accessories.OEM,1
219059854,5234,2025-05-14,439,Deal.Accessories.OEM,3
218669395,7166,2025-05-14,446,Deal.Accessories.OEM,1
218889916,5340,2025-05-14,455,Deal.Accessories.OEM,1
219060054,5234,2025-05-14,496,Deal.Accessories.OEM,1
219060587,5235,2025-05-14,512,Deal.Accessories.OEM,1
219060675,5235,2025-05-14,524,Deal.Accessories.OEM,1
218734491,5541,2025-05-14,598,Deal.Accessories.OEM,1
218808160,5623,2025-05-14,617,Deal.Accessories.OEM,4
219084812,7415,2025-05-14,1030,Deal.Accessories.OEM,4
219085255,7415,2025-05-14,2173,Deal.Accessories.OEM,1
219168714,3179,2025-05-15,6,Deal.Accessories.OEM,9
219277557,3169,2025-05-15,23,Deal.Accessories.OEM,3
219277585,3169,2025-05-15,29,Deal.Accessories.OEM,3
219624466,5439,2025-05-15,31,Deal.Accessories.OEM,1
219277599,3169,2025-05-15,32,Deal.Accessories.OEM,4
219277659,3169,2025-05-15,46,Deal.Accessories.OEM,4
219511665,7682,2025-05-15,50,Deal.Accessories.OEM,1
219624652,5439,2025-05-15,222,Deal.Accessories.OEM,3
219494626,7717,2025-05-15,262,Deal.Accessories.OEM,10
219523222,7831,2025-05-15,285,Deal.Accessories.OEM,2
219311084,5622,2025-05-15,290,Deal.Accessories.OEM,1
219394451,5235,2025-05-15,511,Deal.Accessories.OEM,5
219394570,5235,2025-05-15,524,Deal.Accessories.OEM,2
219374521,5244,2025-05-15,621,Deal.Accessories.OEM,2
219584596,7415,2025-05-15,1030,Deal.Accessories.OEM,1
219393957,5234,2025-05-15,1110,Deal.Accessories.OEM,8
219595156,7444,2025-05-15,1453,Deal.Accessories.OEM,1
219584820,7415,2025-05-15,2128,Deal.Accessories.OEM,1
219584946,7415,2025-05-15,2173,Deal.Accessories.OEM,4
219664577,3179,2025-05-16,6,Deal.Accessories.OEM,4
219764868,3169,2025-05-16,23,Deal.Accessories.OEM,2
219764905,3169,2025-05-16,29,Deal.Accessories.OEM,4
220002393,7718,2025-05-16,106,Deal.Accessories.OEM,1
219765030,3169,2025-05-16,176,Deal.Accessories.OEM,4
219936117,7696,2025-05-16,208,Deal.Accessories.OEM,1
219957415,7717,2025-05-16,262,Deal.Accessories.OEM,1
219794098,5622,2025-05-16,290,Deal.Accessories.OEM,3
220084127,5234,2025-05-16,439,Deal.Accessories.OEM,5
220084797,5235,2025-05-16,511,Deal.Accessories.OEM,3
219685725,7129,2025-05-16,516,Deal.Accessories.OEM,1
220084876,5235,2025-05-16,524,Deal.Accessories.OEM,4
219753132,5244,2025-05-16,621,Deal.Accessories.OEM,1
220048459,7415,2025-05-16,1030,Deal.Accessories.OEM,3
220084307,5234,2025-05-16,1110,Deal.Accessories.OEM,4
220048784,7415,2025-05-16,2173,Deal.Accessories.OEM,3
219830882,7070,2025-05-16,2624,Deal.Accessories.OEM,1
220143063,5622,2025-05-17,32,Deal.Accessories.OEM,2
220201235,7682,2025-05-17,50,Deal.Accessories.OEM,2
220187237,7696,2025-05-17,183,Deal.Accessories.OEM,1
220187297,7696,2025-05-17,209,Deal.Accessories.OEM,1
220198587,7717,2025-05-17,251,Deal.Accessories.OEM,1
220143074,5622,2025-05-17,290,Deal.Accessories.OEM,3
220238222,5234,2025-05-17,439,Deal.Accessories.OEM,5
220238350,5234,2025-05-17,496,Deal.Accessories.OEM,1
220238713,5235,2025-05-17,511,Deal.Accessories.OEM,3
220238787,5235,2025-05-17,524,Deal.Accessories.OEM,5
220110691,7129,2025-05-17,691,Deal.Accessories.OEM,1
220223124,7415,2025-05-17,1030,Deal.Accessories.OEM,1
220223145,7415,2025-05-17,1031,Deal.Accessories.OEM,13
220238381,5234,2025-05-17,1110,Deal.Accessories.OEM,14
220223329,7415,2025-05-17,2128,Deal.Accessories.OEM,7
220259253,7415,2025-05-18,1031,Deal.Accessories.OEM,2
220259343,7415,2025-05-18,2128,Deal.Accessories.OEM,5
220376818,7696,2025-05-19,209,Deal.Accessories.OEM,1
220432293,7186,2025-05-20,2,Deal.Accessories.OEM,2
220435040,3179,2025-05-20,6,Deal.Accessories.OEM,2
220539668,3121,2025-05-20,7,Deal.Accessories.OEM,1
220475155,3169,2025-05-20,23,Deal.Accessories.OEM,2
220475175,3169,2025-05-20,29,Deal.Accessories.OEM,2
220432520,7186,2025-05-20,119,Deal.Accessories.OEM,4
220744668,7696,2025-05-20,209,Deal.Accessories.OEM,1
220789029,7717,2025-05-20,251,Deal.Accessories.OEM,1
220789122,7717,2025-05-20,262,Deal.Accessories.OEM,9
220598967,5622,2025-05-20,290,Deal.Accessories.OEM,2
220472524,5234,2025-05-20,439,Deal.Accessories.OEM,4
220866255,7415,2025-05-20,1031,Deal.Accessories.OEM,15
220472694,5234,2025-05-20,1110,Deal.Accessories.OEM,6
220866453,7415,2025-05-20,2128,Deal.Accessories.OEM,11
220667765,7071,2025-05-20,2791,Deal.Accessories.OEM,1
220472968,5234,2025-05-20,2842,Deal.Accessories.OEM,1
220935273,3179,2025-05-21,6,Deal.Accessories.OEM,2
221039279,3121,2025-05-21,7,Deal.Accessories.OEM,3
221095531,5622,2025-05-21,17,Deal.Accessories.OEM,1
220966997,3169,2025-05-21,23,Deal.Accessories.OEM,5
220967019,3169,2025-05-21,29,Deal.Accessories.OEM,1
220967094,3169,2025-05-21,46,Deal.Accessories.OEM,1
220967187,3169,2025-05-21,176,Deal.Accessories.OEM,4
221049569,5644,2025-05-21,183,Deal.Accessories.OEM,2
221049797,5644,2025-05-21,266,Deal.Accessories.OEM,1
221095716,5622,2025-05-21,290,Deal.Accessories.OEM,3
220938496,7166,2025-05-21,315,Deal.Accessories.OEM,1
221049369,5219,2025-05-21,340,Deal.Accessories.OEM,1
221342114,5234,2025-05-21,439,Deal.Accessories.OEM,4
221342315,5234,2025-05-21,496,Deal.Accessories.OEM,2
221342956,5235,2025-05-21,524,Deal.Accessories.OEM,1
220960285,7129,2025-05-21,698,Deal.Accessories.OEM,1
221369481,7415,2025-05-21,1031,Deal.Accessories.OEM,2
221342348,5234,2025-05-21,1110,Deal.Accessories.OEM,1
221369718,7415,2025-05-21,2128,Deal.Accessories.OEM,12
221450040,3179,2025-05-22,6,Deal.Accessories.OEM,1
221480285,3169,2025-05-22,29,Deal.Accessories.OEM,4
221609107,5622,2025-05-22,32,Deal.Accessories.OEM,1
221765793,7696,2025-05-22,209,Deal.Accessories.OEM,1
221609232,5622,2025-05-22,290,Deal.Accessories.OEM,3
221602138,5340,2025-05-22,440,Deal.Accessories.OEM,1
221487937,5234,2025-05-22,496,Deal.Accessories.OEM,1
221488459,5235,2025-05-22,511,Deal.Accessories.OEM,3
221488537,5235,2025-05-22,524,Deal.Accessories.OEM,3
221880773,7415,2025-05-22,1031,Deal.Accessories.OEM,2
221487973,5234,2025-05-22,1110,Deal.Accessories.OEM,15
221881010,7415,2025-05-22,2128,Deal.Accessories.OEM,6
221881067,7415,2025-05-22,2142,Deal.Accessories.OEM,3
221881144,7415,2025-05-22,2173,Deal.Accessories.OEM,5
221953936,3179,2025-05-23,6,Deal.Accessories.OEM,4
222041927,3121,2025-05-23,11,Deal.Accessories.OEM,1
221945801,7186,2025-05-23,20,Deal.Accessories.OEM,1
221985391,3169,2025-05-23,23,Deal.Accessories.OEM,1
221985430,3169,2025-05-23,32,Deal.Accessories.OEM,1
221985495,3169,2025-05-23,46,Deal.Accessories.OEM,2
222041940,3121,2025-05-23,77,Deal.Accessories.OEM,1
221979429,6173,2025-05-23,150,Deal.Accessories.OEM,1
221985568,3169,2025-05-23,176,Deal.Accessories.OEM,1
222056921,5644,2025-05-23,183,Deal.Accessories.OEM,3
222263986,7717,2025-05-23,262,Deal.Accessories.OEM,1
222097596,5622,2025-05-23,290,Deal.Accessories.OEM,2
222339658,5234,2025-05-23,439,Deal.Accessories.OEM,4
222339857,5234,2025-05-23,496,Deal.Accessories.OEM,1
222340377,5235,2025-05-23,511,Deal.Accessories.OEM,1
222340471,5235,2025-05-23,524,Deal.Accessories.OEM,7
222014397,5244,2025-05-23,621,Deal.Accessories.OEM,1
222361502,7415,2025-05-23,1031,Deal.Accessories.OEM,2
222361819,7415,2025-05-23,2173,Deal.Accessories.OEM,3
222412145,3179,2025-05-24,6,Deal.Accessories.OEM,1
222412195,7186,2025-05-24,109,Deal.Accessories.OEM,1
222447955,5560,2025-05-24,184,Deal.Accessories.OEM,1
222527219,7696,2025-05-24,209,Deal.Accessories.OEM,3
222520392,7717,2025-05-24,251,Deal.Accessories.OEM,1
222520443,7717,2025-05-24,262,Deal.Accessories.OEM,2
222441585,5644,2025-05-24,268,Deal.Accessories.OEM,2
222466011,5234,2025-05-24,439,Deal.Accessories.OEM,3
222466105,5234,2025-05-24,496,Deal.Accessories.OEM,1
222466518,5235,2025-05-24,511,Deal.Accessories.OEM,6
222466567,5235,2025-05-24,524,Deal.Accessories.OEM,2
222550368,7415,2025-05-24,1030,Deal.Accessories.OEM,2
222550394,7415,2025-05-24,1031,Deal.Accessories.OEM,13
222466141,5234,2025-05-24,1110,Deal.Accessories.OEM,9
222550626,7415,2025-05-24,2128,Deal.Accessories.OEM,1
222587381,7696,2025-05-25,209,Deal.Accessories.OEM,1
222589872,7415,2025-05-25,1030,Deal.Accessories.OEM,6
222589893,7415,2025-05-25,1031,Deal.Accessories.OEM,8
222589952,7415,2025-05-25,2128,Deal.Accessories.OEM,3
222622375,3179,2025-05-26,6,Deal.Accessories.OEM,2
222622406,3179,2025-05-26,9,Deal.Accessories.OEM,1
222722341,5340,2025-05-26,15,Deal.Accessories.OEM,1
222658683,3169,2025-05-26,23,Deal.Accessories.OEM,1
222658708,3169,2025-05-26,29,Deal.Accessories.OEM,2
222658803,3169,2025-05-26,46,Deal.Accessories.OEM,1
222622570,3179,2025-05-26,77,Deal.Accessories.OEM,3
222658903,3169,2025-05-26,176,Deal.Accessories.OEM,2
222904599,7696,2025-05-26,209,Deal.Accessories.OEM,2
222878576,7717,2025-05-26,262,Deal.Accessories.OEM,1
222905790,7831,2025-05-26,285,Deal.Accessories.OEM,2
222878660,7717,2025-05-26,324,Deal.Accessories.OEM,2
222982041,5234,2025-05-26,439,Deal.Accessories.OEM,1
222627293,7139,2025-05-26,471,Deal.Accessories.OEM,1
222982255,5234,2025-05-26,496,Deal.Accessories.OEM,1
222982663,5235,2025-05-26,502,Deal.Accessories.OEM,6
222982730,5235,2025-05-26,511,Deal.Accessories.OEM,5
222982756,5235,2025-05-26,512,Deal.Accessories.OEM,2
222906365,7832,2025-05-26,600,Deal.Accessories.OEM,1
222971704,7415,2025-05-26,2128,Deal.Accessories.OEM,3
222971813,7415,2025-05-26,2173,Deal.Accessories.OEM,3
223033659,3179,2025-05-27,6,Deal.Accessories.OEM,3
223190680,5622,2025-05-27,17,Deal.Accessories.OEM,1
223065400,3169,2025-05-27,23,Deal.Accessories.OEM,7
223065427,3169,2025-05-27,29,Deal.Accessories.OEM,1
223045889,7165,2025-05-27,117,Deal.Accessories.OEM,1
223147005,5644,2025-05-27,183,Deal.Accessories.OEM,3
223394288,7696,2025-05-27,209,Deal.Accessories.OEM,2
223339699,7624,2025-05-27,234,Deal.Accessories.OEM,1
223367235,7717,2025-05-27,251,Deal.Accessories.OEM,1
223147259,5644,2025-05-27,268,Deal.Accessories.OEM,1
223486668,5234,2025-05-27,430,Deal.Accessories.OEM,4
223487422,5235,2025-05-27,512,Deal.Accessories.OEM,2
223064825,7129,2025-05-27,705,Deal.Accessories.OEM,1
223495883,7415,2025-05-27,1030,Deal.Accessories.OEM,1
223495902,7415,2025-05-27,1031,Deal.Accessories.OEM,1
223496260,7415,2025-05-27,2173,Deal.Accessories.OEM,3
